Codigo	Descripcion	Precio Costo	Precio Venta	Precio Mayoreo	Inventario	Inv. Minimo	Departamento
 ALQURIA 200ML		$0	$1.000	$0	N/A	0.000	- Sin Departamento -
 BOLSA AVENA ALPINA		$0	$2.200	$0	N/A	0.000	- Sin Departamento -
 FORST USB  CTO LIGHT		$0	$25.000	$0	N/A	0.000	- Sin Departamento -
 MASAPAN		$0	$300	$0	N/A	0.000	- Sin Departamento -
 PASABOCAS FESTIN		$0	$600	$0	N/A	0.000	- Sin Departamento -
 LIMONCITAS		$0	$800	$0	N/A	0.000	- Sin Departamento -
 LECHE ALKERIA X200ML		$0	$1.000	$0	N/A	0.000	- Sin Departamento -
 WINNY ETAPA 4		$0	$1.600	$0	N/A	0.000	- Sin Departamento -
 BOLSACIERREAZUL		$0	$7.800	$0	N/A	0.000	- Sin Departamento -
 7702011012203		$0	$600	$0	N/A	0.000	- Sin Departamento -
 7500435246415		$0	$800	$0	N/A	0.000	- Sin Departamento -
 MM CHOCOLATE 20 GR		$0	$2.000	$0	N/A	0.000	- Sin Departamento -
 TRAPERA		$0	$9.600	$0	N/A	0.000	- Sin Departamento -
 7702097148568	 MERMELADA LA CONSTANCIA  FRESA X 80 GRX80GR	$0	$1.800	$0	N/A	0.000	0
 7701021114464	 PAÑAL WINNY ETAPA 5 	$0	$1.700	$0	N/A	0.000	0
 7702168214000	 RON CALDAS TRADICIONAL 1/2	$15.091	$35.000	$0	N/A	0.000	0
 7701021114136	 WINNY ETAPA 4	$0	$1.600	$0	N/A	0.000	0
 7709027298720	+SEX CONDONES CEREZA	$0	$2.500	$0	N/A	0.000	- Sin Departamento -
 7702191521786	3D MULTIUS0S	$0	$1.600	$0	N/A	0.000	- Sin Departamento -
 HTTPSÑ--WWW.BRETANA.	7702090029543	$0	$5.000	$0	N/A	0.000	- Sin Departamento -
 7706667959127	ABURRA PETS 4 KG	$10.706	$14.500	$0	N/A	0.000	0
 7702109008729	ACEITE 0LIOSOYA X 900 ML	$10.105	$12.500	$0	N/A	0.000	0
 7702028000347	ACEITE DIANA 2000 ML	$0	$17.000	$0	N/A	0.000	0
 7702028000316	ACEITE DIANA 250 ML	$0	$3.000	$0	N/A	0.000	0
 7702028000323	ACEITE DIANA 450 ML	$0	$4.900	$0	N/A	0.000	0
 7702028000330	ACEITE DIANA 900 ML	$0	$8.900	$0	N/A	0.000	0
 7701909008090	ACEITE IDEAL  250ML	$0	$3.000	$0	N/A	0.000	- Sin Departamento -
 7701018005157	ACEITE OLEOCALI 250 ML	$0	$4.000	$0	N/A	0.000	- Sin Departamento -
 7706569001559	ACETAMINIFEN X10	$0	$1.000	$0	N/A	0.000	- Sin Departamento -
 7703038040293	ACETAMINOFEN	$0	$1.000	$0	N/A	0.000	0
 7703712035454	ACETAMINOFEN JARABE 	$0	$4.600	$0	N/A	0.000	- Sin Departamento -
 7706569001436	ACETAMINOFEN JARABE NIÑOS	$3.300	$4.000	$0	N/A	0.000	0
 7702006302449	ACOND DOVE HIFAT +VITA A&E X 18ML	$0	$0	$0	0,00	0.000	0
 7702354956332	ACONDICIO NUTRI REPARACION X15ML	$0	$1.200	$0	N/A	0.000	0
 7702354958145	ACONDICIONADOR BIOKERATINA	$0	$1.200	$0	N/A	0.000	- Sin Departamento -
 7500435153683	ACONDICIONADOR PANTENE 3 MNT	$0	$1.200	$0	N/A	0.000	0
 7702006202350	ACONDICIONADOR SAVITAL 22ML	$0	$1.200	$0	N/A	0.000	0
 7702006207690	ACONDICIONADOR SEDAL	$0	$0	$0	0,00	0.000	0
 7702090062854	ACQUA POSTOBON FRUTOS ROJOS 1.5 ML	$0	$4.000	$0	N/A	0.000	- Sin Departamento -
 ADAPTIVEFASTCHARGING	ADAPTIVE FAST CHARGING	$0	$13.000	$0	N/A	0.000	- Sin Departamento -
 7702132011406	ADVIL FEM	$0	$2.500	$0	N/A	0.000	0
 ADVILFEMUNIDAD	ADVIL FEM UNIDAD	$0	$2.200	$0	N/A	0.000	- Sin Departamento -
 7707397792503	ADVIL GRIPA MAX	$0	$2.900	$0	N/A	0.000	0
 7702132010966	ADVIL GRIPA MULTISINTOMAS	$0	$2.800	$0	N/A	0.000	- Sin Departamento -
 ADVILGRIPAUNI	ADVIL GRIPA UNIDAD	$0	$2.800	$0	N/A	0.000	- Sin Departamento -
 7702132009588	ADVIL MAX	$0	$0	$0	0,00	0.000	0
 ADVILMAXDOLORSEVERO	ADVIL MAX DOLOR SEVERO	$0	$2.200	$0	N/A	0.000	- Sin Departamento -
 7702132009571	ADVIL MAX UNIDAD	$0	$0	$0	0,00	0.000	0
 7702132008598	ADVIL ULTRA	$0	$0	$0	0,00	0.000	0
 ADVILULTRA	ADVIL ULTRA	$0	$2.200	$0	N/A	0.000	- Sin Departamento -
 77024411	AGUA  BRISA  CON GAS  MARACUYA X 23¿80 ML	$0	$1.500	$0	N/A	0.000	- Sin Departamento -
 7702535030660	AGUA BRISA  MARACUYA X 600 ML	$0	$2.500	$0	N/A	0.000	- Sin Departamento -
 77098320	AGUA BRISA 280 ML	$0	$1.500	$0	N/A	0.000	0
 77042651	AGUA BRISA CON GAS MANZANA X 280 ML	$0	$1.500	$0	N/A	0.000	- Sin Departamento -
 7702535013212	AGUA BRISA MANZANA X 600 ML	$0	$2.500	$0	N/A	0.000	- Sin Departamento -
 7702535027868	AGUA BRISA SABORIZADA MANZANA  X 1.5L	$0	$4.500	$0	N/A	0.000	0
 7702535030677	AGUA BRISA SABORIZADA X 1.5L	$0	$4.500	$0	N/A	0.000	0
 7702535010327	AGUA BRISA X 600 ML	$0	$2.500	$0	N/A	0.000	0
 7702535010341	AGUA CON GAS BRISA 600ML	$0	$2.500	$0	N/A	0.000	0
 7702090022711	AGUA CRISTAL  X 600 ML	$0	$2.000	$0	N/A	0.000	- Sin Departamento -
 7702090006544	AGUA CRISTAL 5L	$0	$8.500	$0	N/A	0.000	- Sin Departamento -
 7702090006407	AGUA CRISTAL 6 L BOLSA	$0	$6.000	$0	N/A	0.000	- Sin Departamento -
 7702090069990	AGUA CRISTAL ALOE COCO X330 ML	$0	$2.500	$0	N/A	0.000	0
 7702090001532	AGUA CRISTAL LIFE  X 600 ML	$0	$3.500	$0	N/A	0.000	- Sin Departamento -
 7702090073065	AGUA CRISTAL PET 300 ML	$0	$1.000	$0	N/A	0.000	0
 7702090042054	AGUA CRTISTAL X1 LT	$0	$3.000	$0	N/A	0.000	0
 7702192725527	AGUA LILMA LIMON X 1.5 ML	$0	$6.000	$0	N/A	0.000	- Sin Departamento -
 7702535013830	AGUA NATURAL BRISA 1 LITRO	$0	$3.000	$0	N/A	0.000	0
 7.70253503066077E19	AGUA SABORIZADA X 600 ML	$0	$0	$0	0,00	0.000	0
 7702049000531	AGUARDIENTE  SIN AZUCAR X 750 ML	$0	$55.000	$0	N/A	0.000	- Sin Departamento -
 7702168278477	AGUARDIENTE AMARILLO MANZANARES X750ML	$0	$65.000	$0	N/A	0.000	- Sin Departamento -
 7702049001699	AGUARDIENTE ANTIOQUEÑO SIN AZUCAR X  1000 ML	$0	$61.000	$0	N/A	0.000	- Sin Departamento -
 7702049001538	AGUARDIENTE AZUL 1/4	$0	$22.000	$0	N/A	0.000	0
 7702404008042	AGUARDIENTE NECTAR SIN AZUCAR X 750 ML	$0	$43.000	$0	N/A	0.000	- Sin Departamento -
 7702049002177	AGUARDIENTE REAL X 750 ML	$0	$48.000	$0	N/A	0.000	- Sin Departamento -
 7702049000449	AGUARDIENTE ROJO 1/2	$0	$28.000	$0	N/A	0.000	0
 7702049001521	AGUARDIENTE ROJO 1/4	$14.525	$22.000	$0	N/A	0.000	0
 7702049000517	AGUARDIENTE ROJO LITRO	$50.578	$68.000	$0	N/A	0.000	0
 7702049000548	AGUARDIENTE SIN AZUCAR 1/2	$21.210	$29.000	$0	N/A	0.000	0
 7702049000906	AGUARDIENTE SIN AZUCAR 1000ML	$48.433	$68.000	$0	N/A	0.000	0
 AGUARDIENTE	AGUARDIENTE TRAGO	$0	$3.000	$0	N/A	0.000	- Sin Departamento -
 7702049001637	AGUARDIENTE VERDE 1/2	$0	$26.000	$0	N/A	0.000	0
 7702049001682	AGUARDIENTE VERDE 1/4	$0	$22.000	$0	N/A	0.000	0
 7509546683331	AJAX NARANJA  LIMON  160 ML	$0	$1.800	$0	N/A	0.000	0
 7754487001700	AJINOMEN CARNE X 80GR	$0	$3.300	$0	N/A	0.000	0
 7754487001762	AJINOMEN COSTILLA DE RES X80G	$0	$3.300	$0	N/A	0.000	0
 7754487001663	AJINOMEN GALLINA CRIOLLA X80G	$0	$3.300	$0	N/A	0.000	0
 7754487001670	AJINOMEN GALLINA PICANTE X 80 GR	$0	$3.300	$0	N/A	0.000	0
 7754487001656	AJINOMEN GALLINA X 80 GR	$0	$3.300	$0	N/A	0.000	0
 7754487001731	AJINOMEN ORIENTAL X80G	$0	$3.300	$0	N/A	0.000	0
 7754487001687	AJINOMEN POLLO 80G	$0	$0	$0	0,00	0.000	0
 7754487001694	AJINOMEN POLLO CON VERDURAS X80G	$0	$3.300	$0	N/A	0.000	0
 7707195160092	ALBONDIGAS JAF  X500G	$8.600	$10.400	$0	N/A	0.000	0
 7707822754274	ALCALINA TRONEX 9V	$0	$11.600	$0	N/A	0.000	0
 7702560026577	ALCOHOL JGB 120 ML	$0	$3.500	$0	N/A	0.000	- Sin Departamento -
 7702560009532	ALCOHOL JGB 350 ML	$0	$5.500	$0	N/A	0.000	- Sin Departamento -
 7702057075101	ALCOHOL MK 700 ML	$0	$9.000	$0	N/A	0.000	0
 7707285980821	ALCOHOL MULTIASEO X 1000 ML	$0	$11.900	$0	N/A	0.000	0
 7707285980814	ALCOHOL MULTIFLASH  500 ML	$0	$6.600	$0	N/A	0.000	0
 7702057075088	ALCOHOL-MK X 350ML	$0	$0	$0	0,00	0.000	0
 7702208100201	ALGODON X20G	$1.550	$2.000	$0	N/A	0.000	- Sin Departamento -
 706460000689	ALIMENT HUMED WHISKAS GATO RES 85 GR	$0	$3.400	$0	N/A	0.000	0
 706460000641	ALIMENT HUMED WHISKAS GATO SALMON 85 GR	$0	$3.400	$0	N/A	0.000	0
 706460000658	ALIMENT HUMED WHISKAS POLLO X 85G	$0	$3.400	$0	N/A	0.000	0
 7702123007425	ALKA-SELTZER EXTREME	$0	$3.000	$0	N/A	0.000	- Sin Departamento -
 ALKASELTZEREXTREMEUN	ALKASELTZER EXTREME UNIDAD	$0	$3.000	$0	N/A	0.000	- Sin Departamento -
 ALKASELTZER	ALKASELTZER UNIDAD	$0	$1.200	$0	N/A	0.000	- Sin Departamento -
 7702177009826	ALKERIA DESLACTOSADA	$0	$1.000	$0	N/A	0.000	- Sin Departamento -
 7702177023426	ALKERIA DESLACTOSADA 400ML	$0	$2.000	$0	N/A	0.000	- Sin Departamento -
 7707181890019	ALMIDON EXTRA FINO JDY REY	$0	$3.200	$0	N/A	0.000	0
 7702204019590	ALMOHABANA EL ORIGINAL - 1 UNID	$0	$0	$0	0,00	0.000	0
 7707247370219	ALMOHABANAS HUILENSES R & D X 5 UNID.	$7.500	$8.800	$0	N/A	0.000	0
 7702402058827	ALOHA CEREZA Y MANDARINA	$0	$3.000	$0	N/A	0.000	0
 7702402056151	ALOHA FRESA	$0	$1.500	$0	N/A	0.000	- Sin Departamento -
 7702402054539	ALOHA LIMON	$0	$2.500	$0	N/A	0.000	0
 7702402056144	ALOHA LIMON	$0	$1.500	$0	N/A	0.000	- Sin Departamento -
 7702402057790	ALOHA MANGO BICHE 	$0	$3.000	$0	N/A	0.000	- Sin Departamento -
 7702402054546	ALOHA NARANJA	$0	$2.500	$0	N/A	0.000	0
 7702402058704	ALOHA RASPADO KOLA	$0	$4.500	$0	N/A	0.000	0
 7702001158225	ALPIN BOTELLA CHOCOLATE 300ML	$0	$4.200	$0	N/A	0.000	0
 7702001118151	ALPIN CHOCO BOLSA X 180ML	$0	$2.400	$0	N/A	0.000	0
 7702001118168	ALPIN FRESA BOL 180ML	$0	$2.400	$0	N/A	0.000	0
 7702001049097	ALPINA REGENERIS 150 G	$0	$3.200	$0	N/A	0.000	0
 7702001062263	ALPINET MORA  X140G	$0	$3.900	$0	N/A	0.000	0
 7702001062218	ALPINETTE CEREZA ALPINA X140G	$0	$3.900	$0	N/A	0.000	0
 7702001062195	ALPINETTE FRESA ALPINA X140G	$0	$3.900	$0	N/A	0.000	0
 7702001062225	ALPINETTE  MELOC ALPINA X 140 G	$0	$3.900	$0	N/A	0.000	0
 7702001100125	ALPINITA MAX DOBLE X UNI90 GR	$0	$2.400	$0	N/A	0.000	- Sin Departamento -
 7702001100064	ALPINITO FRESA ALPINA X 45G	$0	$1.900	$0	N/A	0.000	0
 7702001100071	ALPINITO MELOCOTON  45G	$0	$2.000	$0	N/A	0.000	0
 7702001172771	ALPINITO MISTERIO 45G	$0	$0	$0	0,00	0.000	0
 7702001100088	ALPINITO MORA  45G	$0	$2.000	$0	N/A	0.000	0
 7706667001055	ALPISTE ABURRA 460 GR	$2.806	$4.200	$0	N/A	0.000	- Sin Departamento -
 7707331407760	ALQUEMIX FLIPS 	$0	$3.900	$0	N/A	0.000	- Sin Departamento -
 7707331405506	ALQUEMIX M Y M	$2.155	$3.200	$0	N/A	0.000	0
 7707331406893	ALQUEMIX TRULULU  X104G	$0	$3.200	$0	N/A	0.000	0
 7702177023921	ALQUERIA LITRO CARTON	$0	$5.700	$0	N/A	0.000	0
 7707331407791	ALQUERIA MIX HOJUELAS 170G	$0	$3.900	$0	N/A	0.000	0
 7707331407807	ALQUERIA MIX MILO 170G	$0	$3.900	$0	N/A	0.000	0
 7707331404196	ALQUERIA MIX OREO 100G	$0	$3.200	$0	N/A	0.000	0
 6930501059617	ALUMINIO 16 X 30	$0	$5.400	$0	N/A	0.000	- Sin Departamento -
 6930501059600	ALUMINIO 40X30CM	$0	$10.800	$0	N/A	0.000	- Sin Departamento -
 AMOXICILINA	AMOXICILINA  X500	$0	$1.000	$0	N/A	0.000	- Sin Departamento -
 7702354957537	AMPER PREDATOR  X 473 ML	$0	$4.500	$0	N/A	0.000	- Sin Departamento -
 7707430877501	ANDINA LIGTH X473	$0	$4.000	$0	N/A	0.000	- Sin Departamento -
 7702049000432	ANTIOQUEÑO ROJO X750ML	$0	$55.000	$0	N/A	0.000	0
 7702044200486	ARDER FOR MEN X12G	$0	$1.200	$0	N/A	0.000	0
 7709590960253	AREPA ABUELA MARIA X10	$0	$3.500	$0	N/A	0.000	- Sin Departamento -
 745853548575	AREPA ABUELA MARIA X5	$0	$2.300	$0	N/A	0.000	- Sin Departamento -
 AREPABLANCAX10	AREPA BLANCA X 10	$0	$4.000	$0	N/A	0.000	- Sin Departamento -
 AREPABLANCATX5	AREPA BLANCA X 5	$0	$2.500	$0	N/A	0.000	- Sin Departamento -
 7707268530111	AREPA CON MARGARINA Y SAL EL CARRIERL	$2.800	$3.500	$0	N/A	0.000	0
 7704324000014	AREPA CON QUESO	$3.200	$4.200	$0	N/A	0.000	- Sin Departamento -
 7707222551268	AREPA CON QUESO BETANIA	$0	$0	$0	0,00	0.000	0
 7707360180054	AREPA CON QUESO X6UNI	$3.200	$4.200	$0	N/A	0.000	0
 AREPACHOCOLOX5	AREPA DE CHOCOLO X 5	$0	$4.200	$0	N/A	0.000	- Sin Departamento -
 7707026100273	AREPA DE MONTE SONSONNEÑA X5UNI	$3.200	$3.700	$0	N/A	0.000	0
 7707342770013	AREPA DE NUSTRO CAMPO  MINITELA X10UNI	$0	$4.200	$0	N/A	0.000	0
 7707268530296	AREPA EL VCARRIEL MINI TELA X 10	$0	$3.600	$0	N/A	0.000	- Sin Departamento -
 9932347375750	AREPA LA BERRAQUERA X15	$0	$4.800	$0	N/A	0.000	- Sin Departamento -
 7707026100211	AREPA MEDIA TELA SONSONEÑA  X10UNI	$3.200	$3.900	$0	N/A	0.000	0
 7707026100310	AREPA SONSONEÑA  M BLANCO	$3.200	$3.700	$0	N/A	0.000	0
 AREPASALDEANA	AREPAS ALDEANA X5	$0	$2.700	$0	N/A	0.000	- Sin Departamento -
 7707268530029	AREPAS CARRIEL	$0	$0	$0	0,00	0.000	0
 7707268530418	AREPAS DE MAIZ OBLEA X 5 UND	$0	$2.700	$0	N/A	0.000	0
 7707268530739	AREPAS EL CARRIEL X15 UND	$3.500	$4.200	$0	N/A	0.000	0
 7702148999002	AREPAS EL ONRERO X5UNI	$0	$2.700	$0	N/A	0.000	0
 7707212489984	AREPAS LA ALDEANA X5UNI	$0	$2.700	$0	N/A	0.000	0
 7707324107011	AREPAS NUESTRO CAMPO X 5	$0	$3.700	$0	N/A	0.000	- Sin Departamento -
 AREPASPROMOCIONX15	AREPAS PROMOCION X 15	$0	$4.000	$0	N/A	0.000	- Sin Departamento -
 7707202385012	AREPAS SAN MIGUEL CHOCOLO	$0	$4.200	$0	N/A	0.000	- Sin Departamento -
 7707026100266	AREPAS SONSONEÑAS MAIZ AMARILLO 520 GR	$2.950	$3.700	$0	N/A	0.000	- Sin Departamento -
 7707197521129	AREQUIPE ALQUERIA 150 G	$3.300	$5.000	$0	N/A	0.000	0
 7702177024706	AREQUIPE ALQUERIA 240 G	$4.600	$6.200	$0	N/A	0.000	0
 7707197521037	AREQUIPE ALQUERIA X50G	$0	$2.000	$0	N/A	0.000	0
 7702085012307	ARGOLLITAS DORIA X 250	$0	$2.200	$0	N/A	0.000	- Sin Departamento -
 7500435112413	ARIEL 1K	$0	$11.200	$0	N/A	0.000	- Sin Departamento -
 7500435160179	ARIEL 450	$0	$3.600	$0	N/A	0.000	- Sin Departamento -
 7500435124683	ARIEL 450 GR	$0	$6.300	$0	N/A	0.000	0
 7500435251600	ARIEL 700G	$0	$9.200	$0	N/A	0.000	0
 7500435120623	ARIEL CONCENTRADO X400	$7.700	$8.200	$0	N/A	0.000	0
 7500435160193	ARIEL REVITA COLOR X225G	$0	$0	$0	0,00	0.000	0
 7500435160186	ARIEL REVITAOLO X125G	$0	$2.000	$0	N/A	0.000	0
 20220609	ARIEL TRIPLE PODER X1KG	$0	$0	$0	0,00	0.000	0
 21208180	ARIELX450G REVITA COLOR	$0	$6.300	$0	N/A	0.000	0
 7703133081788	ARITOS CEBOLLA YUPI	$0	$1.700	$0	N/A	0.000	0
 7707199660741	AROMA CAFE INSTANTAENO POLVO 170GR	$0	$0	$0	0,00	0.000	0
 7702088152123	AROMA CHOCOLATE 500 G TRADICIONAL	$0	$0	$0	0,00	0.000	0
 7702191164006	AROMATEL  FLORAL 180 ML	$0	$1.800	$0	N/A	0.000	0
 7702191164037	AROMATEL FLORAL  400 ML	$0	$2.900	$0	N/A	0.000	0
 AROMATICA	AROMATICA	$0	$1.500	$0	N/A	0.000	- Sin Departamento -
 7704078000445	AROMATICA  APIO TISANAS	$0	$2.200	$0	N/A	0.000	- Sin Departamento -
 7707184574442	AROMATICA ALBAHACA TISANAS 20 B	$0	$1.800	$0	N/A	0.000	- Sin Departamento -
 7707184575586	AROMATICA CIDRON TISANAS 20 B	$0	$1.800	$0	N/A	0.000	- Sin Departamento -
 7707184573339	AROMATICA MANZANILLA TISANAS 20 B	$0	$2.000	$0	N/A	0.000	- Sin Departamento -
 7708355281855	AROMATICA PANELA FRUTOS ROJOS	$0	$5.100	$0	N/A	0.000	0
 7708355281152	AROMATICA PANELA JENGIBRE LIMON	$0	$5.100	$0	N/A	0.000	0
 7707283470157	AROMATICA PANELA LIMON	$0	$5.100	$0	N/A	0.000	0
 7707184576668	AROMATYICA YERBABUENA TISANAS 20 B	$0	$2.000	$0	N/A	0.000	- Sin Departamento -
 7702206011097	ARROZ CARIBE 500 GR	$0	$2.400	$0	N/A	0.000	0
 7702206010809	ARROZ CASTELLANO KILO	$0	$10.800	$0	N/A	0.000	0
 7702206010786	ARROZ CASTELLANO  500G	$0	$5.300	$0	N/A	0.000	0
 7702511002193	ARROZ DIAMA FIBRA	$0	$3.000	$0	N/A	0.000	- Sin Departamento -
 7702511000014	ARROZ DIANA 500G	$0	$2.500	$0	N/A	0.000	0
 7702511002353	ARROZ DIANA COCO 500G	$0	$3.200	$0	N/A	0.000	0
 7702511009765	ARROZ DIANA CON FIDEOS 500G	$0	$3.000	$0	N/A	0.000	0
 7702511000427	ARROZ DIANA PREMIUM 10000G	$0	$5.900	$0	N/A	0.000	0
 7702511000984	ARROZ DIANA PREMIUM 500G	$0	$3.000	$0	N/A	0.000	0
 7702402059527	ARTESANAL DE FLAN DE AREQUIPE	$0	$3.700	$0	N/A	0.000	- Sin Departamento -
 7702402052399	ARTESANAL MARACUYA	$0	$3.500	$0	N/A	0.000	0
 7702402052412	ARTESANAL TRES LECHES	$0	$0	$0	0,00	0.000	0
 7702402059480	ARTESANAL TRES LECHES	$0	$3.500	$0	N/A	0.000	- Sin Departamento -
 7706667018022	ARVEJA ABURRA X460G	$0	$2.600	$0	N/A	0.000	0
 7702206610672	ARVEJA DIANA 	$0	$3.500	$0	N/A	0.000	- Sin Departamento -
 7706667990052	ARVEJAS CON ZANAHORIA X300G	$0	$4.300	$0	N/A	0.000	0
 7706667990069	ARVERJA CON ZANAHORIA X580G	$0	$6.800	$0	N/A	0.000	0
 ASPIRINAEFERBECENTEU	ASPIRINA EFERBECENTE UNIDAD	$0	$1.400	$0	N/A	0.000	- Sin Departamento -
 7702123006718	ASPIRINA EFERVESCENTE 500MG BAYER	$0	$1.500	$0	N/A	0.000	0
 7706667900143	ATUN ABURRA AGUA X 98 GR	$0	$6.600	$0	N/A	0.000	- Sin Departamento -
 7701101359556	ATUN ACEITE OLIVA 	$0	$14.000	$0	N/A	0.000	- Sin Departamento -
 7702439522797	ATUN BARY ACEITE X 140G	$0	$7.200	$0	N/A	0.000	0
 7702439273750	ATUN BARY AGUA X140G	$0	$7.200	$0	N/A	0.000	0
 7702439596569	ATUN BARY  X160G	$0	$0	$0	0,00	0.000	0
 7706667900594	ATUN ENSALADA X 91G	$0	$0	$0	0,00	0.000	0
 7706667004322	ATUN MACARELA TROZOS X150G	$3.650	$5.500	$0	N/A	0.000	0
 7706667900440	ATUN RALLADO ABURRA X160G	$0	$4.500	$0	N/A	0.000	0
 7702367917900	ATUN VAMCAMPS AGUA X 160G	$5.400	$7.200	$0	N/A	0.000	0
 7702367179209	ATUN VANCAMPS ACEITE X 160G	$0	$7.200	$0	N/A	0.000	0
 7701101359587	ATUN ZENU	$0	$8.200	$0	N/A	0.000	- Sin Departamento -
 AUDIFONODISEÑO	AUDIFONO DISEÑO 	$0	$17.000	$0	N/A	0.000	- Sin Departamento -
 AUDIFONOSBATRI	AUDIFONOS BATRI	$0	$17.000	$0	N/A	0.000	- Sin Departamento -
 7702193424016	AUNJEMIMA X100G	$0	$1.800	$0	N/A	0.000	0
 7702193424023	AUNT JEMIMA SOLO LECHE X250GR	$0	$5.500	$0	N/A	0.000	0
 7702090061017	AVENA  BILAC X 200 ML	$0	$2.200	$0	N/A	0.000	- Sin Departamento -
 7702193102822	AVENA  QUAKER MOLIDA  X 200 GR	$0	$2.700	$0	N/A	0.000	- Sin Departamento -
 7702001084999	AVENA ALP FINESSE 250G	$0	$3.900	$0	N/A	0.000	0
 7702193100927	AVENA EN HOJUELAS QUAKER X 400 G	$0	$5.400	$0	N/A	0.000	0
 7702193101283	AVENA HOJUELA QUAKER X 190 GR	$0	$2.000	$0	N/A	0.000	- Sin Departamento -
 7702001044504	AVENA NATURAL ALPINA  X 250 ML	$0	$3.300	$0	N/A	0.000	0
 7702001162802	AVENA ORIGINAL 200 GR	$1.602	$2.200	$0	N/A	0.000	- Sin Departamento -
 7702177023662	AVENA PRO ALKERIA	$0	$2.600	$0	N/A	0.000	0
 7702177023747	AVENA PRO ALQUERIA 180 G	$0	$2.200	$0	N/A	0.000	0
 7702177023761	AVENA PRO ALQUERIA 180G	$0	$2.200	$0	N/A	0.000	- Sin Departamento -
 7702177023655	AVENA PRO ALQUERIA VASO X 220 GR	$0	$2.900	$0	N/A	0.000	0
 7702193101269	AVENA QUAKER ENHOJUELAS X 115	$0	$1.200	$0	N/A	0.000	0
 7701101233207	AVJA NATURAL ZENU X 300 G	$0	$4.700	$0	N/A	0.000	0
 7701101233160	AVJA NATURAL ZENU X 580 G	$0	$7.200	$0	N/A	0.000	0
 7701101233085	AVJA ZHRIA ZENU X 300 G	$0	$5.300	$0	N/A	0.000	0
 7701101233122	AVJA ZHRIA ZENU X 580 G	$0	$8.400	$0	N/A	0.000	0
 7509546652559	AXION DISCO LIMON X130	$0	$1.600	$0	N/A	0.000	0
 7702010382147	AXION LIMON  850 GR	$0	$11.500	$0	N/A	0.000	- Sin Departamento -
 7509546684024	AXION LIMON 180ML	$0	$2.600	$0	N/A	0.000	0
 7702010881213	AXION LIMON 360ML	$0	$0	$0	0,00	0.000	0
 7702010380747	AXION X 450	$0	$6.500	$0	N/A	0.000	0
 7702439539337	AZUCAR BARY X500G	$0	$2.600	$0	N/A	0.000	0
 7702059502025	AZUCAR INCAUCA 1 KG	$0	$5.600	$0	N/A	0.000	- Sin Departamento -
 7702059501028	AZUCAR INCAUCA 500G	$0	$2.900	$0	N/A	0.000	0
 7707007200442	AZUCAR MAYAGUEZ	$2.200	$2.800	$0	N/A	0.000	0
 7707007200404	AZUCAR MAYAMGUEZ	$0	$2.700	$0	N/A	0.000	- Sin Departamento -
 7702104010406	AZUCAR PROVIDENCIA X LIBRA	$0	$2.400	$0	N/A	0.000	0
 7702028000378	Aceite Diana 3000ml	$0	$32.900	$0	N/A	0.000	- Sin Departamento -
 7702535012857	Agua Brisa Lima 	$0	$2.500	$0	N/A	0.000	- Sin Departamento -
 77099938	Agua Brisa Lima Limon 	$0	$1.500	$0	N/A	0.000	- Sin Departamento -
 7702090023008	Agua Con Gas	$0	$2.500	$0	N/A	0.000	- Sin Departamento -
 7702168594300	Aguardiente Manzanares 375 Ml	$0	$35.000	$0	N/A	0.000	- Sin Departamento -
 7702402054553	Aloha Mix	$0	$3.000	$0	N/A	0.000	- Sin Departamento -
 7702001100163	Alpinito MAX MORA	$0	$2.700	$0	N/A	0.000	- Sin Departamento -
 7702001100156	Alpinito Max	$0	$2.700	$0	N/A	0.000	- Sin Departamento -
 7707529520875	Alquemix Cookies	$0	$3.900	$0	N/A	0.000	- Sin Departamento -
 7702177004234	Alqueria Deslactosada Caja Litro	$0	$5.800	$0	N/A	0.000	- Sin Departamento -
 7702354954994	Amper	$0	$4.500	$0	N/A	0.000	- Sin Departamento -
 7702049002290	Antioqueño Amarillo	$0	$56.000	$0	N/A	0.000	- Sin Departamento -
 7702049001644	Antioqueño Verde	$0	$52.000	$0	N/A	0.000	- Sin Departamento -
 AREPALADELICIA	Arepa La Delicia X 5 	$0	$2.500	$0	N/A	0.000	- Sin Departamento -
 AREPASLADELICIA 	Arepas La Delicia X 10	$0	$3.500	$0	N/A	0.000	- Sin Departamento -
 7709990078152	Arepas La Delicia X10	$0	$4.000	$0	N/A	0.000	- Sin Departamento -
 7500435245296	Ariel 700g 	$0	$9.300	$0	N/A	0.000	0
 7707288690093	Aromatica Frutas Tropicales	$0	$5.100	$0	N/A	0.000	- Sin Departamento -
 7702552000097	Arroz ROA X500G	$0	$2.500	$0	N/A	0.000	- Sin Departamento -
 7702402059428	Artesanal Arequipe	$0	$3.500	$0	N/A	0.000	- Sin Departamento -
 7702045442755	BALANCE MEN CLINICAL 9 GR	$1.150	$1.200	$0	N/A	0.000	- Sin Departamento -
 BALONCITOS	BALONCITOS CHOCOLATE	$0	$400	$0	N/A	0.000	- Sin Departamento -
 BANDEJACHUZO	BANDEJA CHUZO DAENEL	$0	$4.400	$0	N/A	0.000	- Sin Departamento -
 BANDEJATAPADARNEL1CT	BANDEJA TAPA DARNEL 1 COMPORTAMIENTO	$0	$4.400	$0	N/A	0.000	- Sin Departamento -
 7.81159496684781E19	BARQUILLO AREQUIPE 40GR	$0	$0	$0	0,00	0.000	0
 7702011271747	BARQUILLO AREQUIPE PIAZA 	$0	$1.000	$0	N/A	0.000	- Sin Departamento -
 781159496677	BARQUILLO COOKIS AND CREAM  40 GR	$0	$0	$0	0,00	0.000	0
 BARQUILLOELMANA	BARQUILLO EL MANA	$0	$400	$0	N/A	0.000	- Sin Departamento -
 7702011201263	BARQUILLO PIAZZA CHOCOLATE	$0	$1.000	$0	N/A	0.000	- Sin Departamento -
 7702028021625	BARRA GUSTOSITA X125 G	$0	$2.000	$0	N/A	0.000	0
 8719200452947	BARRA RAMA 125G	$0	$2.600	$0	N/A	0.000	0
 BARRILETE	BARRILETE	$0	$300	$0	N/A	0.000	- Sin Departamento -
 7702914114400	BARRITA DE CHOCORAMO X 40 G	$0	$1.900	$0	N/A	0.000	0
 7702116999997	BARRITA LA BUENA X50G	$0	$1.300	$0	N/A	0.000	0
 7702439000059	BARY AJI X 165G	$0	$3.200	$0	N/A	0.000	0
 7702439006815	BARY AJO X 165G	$0	$3.700	$0	N/A	0.000	0
 7702439228453	BARY MAYONESA	$0	$2.900	$0	N/A	0.000	- Sin Departamento -
 7702439690168	BBQ BARY DOY PACK X170GRM	$0	$2.800	$0	N/A	0.000	0
 7702439845322	BBQ BARY DP 110GRM	$0	$2.100	$0	N/A	0.000	0
 7708662913012	BENET PROTEINA CAFE CAPUCHINO X250G	$0	$7.700	$0	N/A	0.000	- Sin Departamento -
 7708662913944	BENET PROTEINA FRUTOS ROJOS X250G	$0	$7.700	$0	N/A	0.000	- Sin Departamento -
 7708662913319	BENET PROTEINA VAINILLA BANANO X250G	$0	$7.700	$0	N/A	0.000	- Sin Departamento -
 7702993046470	BIANCHI CONFITE BX 100 CHOC BLANCO	$0	$14.000	$0	N/A	0.000	0
 BIANCHI	BIANCHI UNIDAD	$0	$400	$0	N/A	0.000	- Sin Departamento -
 70330179295	BIG ECO LAPICERO RETRACTIL	$0	$0	$0	0,00	0.000	0
 7705326002600	BIMBO ARTESANO BANANO	$0	$4.000	$0	N/A	0.000	0
 7705326082015	BIMBO ARTESANO LIMON CON COCO	$0	$0	$0	0,00	0.000	0
 7705326002594	BIMBO ARTESANO ZANAHORIA CON ALMEND. 75 G	$0	$4.000	$0	N/A	0.000	0
 7705326071330	BIMBO CHOCOSO 5 UNID 325 G	$0	$0	$0	0,00	0.000	0
 7705326076908	BIMBO MANCHITAS X45 G	$0	$2.400	$0	N/A	0.000	0
 7705326014078	BIMBO MIGA DE PAN CLASICA 250 G	$0	$5.000	$0	N/A	0.000	0
 7705326002297	BIMBO TAJADO X470 G	$0	$0	$0	0,00	0.000	0
 7705326072085	BIMBO TOSTADAS	$0	$3.400	$0	N/A	0.000	- Sin Departamento -
 7705326011800	BIMBO TOSTADAS CLASICAS 14 UNID. 220 G	$0	$0	$0	0,00	0.000	0
 7705326012395	BIMBOLETE	$0	$2.200	$0	N/A	0.000	0
 7705326080967	BIMBOLETES BIMBO 3 UNID 82 G	$0	$0	$0	0,00	0.000	0
 7705326080189	BIMNBO LETES  VAINILLA 27 GR	$0	$1.200	$0	N/A	0.000	- Sin Departamento -
 7703812000017	BLANCOX 500ML	$0	$2.000	$0	N/A	0.000	- Sin Departamento -
 7707285980722	BLANQUEADOR MULTIASEO 2000ML	$0	$3.900	$0	N/A	0.000	- Sin Departamento -
 7707285980753	BLANQUEADOR MULTIUSOS X 500	$0	$2.000	$0	N/A	0.000	0
 7371869552430	BLANQUEADOR PLUMA BLANCA X 1800 ML	$0	$3.400	$0	N/A	0.000	0
 7622100799290	BLEENDS BLUE	$0	$8.600	$0	N/A	0.000	0
 7622100799320	BLEENDS GOLD	$0	$8.600	$0	N/A	0.000	0
 7622100799399	BLEENDS PURPLE	$0	$8.600	$0	N/A	0.000	0
 7622100799269	BLENDS CORAL	$0	$8.600	$0	N/A	0.000	0
 7702113043754	BLOQUEADOR SOBRE 10 ML	$0	$3.000	$0	N/A	0.000	- Sin Departamento -
 7702113044003	BLOQUEADOR TANGA  10 ML	$0	$3.000	$0	N/A	0.000	- Sin Departamento -
 7702788102503	BOCADILLO DE GUAYABA - EL CARIBE 124 G	$0	$2.500	$0	N/A	0.000	0
 7702788000069	BOCADILLO DE GUAYABA - EL CARIBE 200 G	$0	$3.700	$0	N/A	0.000	0
 7702788000021	BOCADILLO DE GUAYABA - EL CARIBE 300 G	$0	$5.200	$0	N/A	0.000	0
 7702788000052	BOCADILLO DE GUAYABA - EL CARIBE 500 G	$0	$8.100	$0	N/A	0.000	0
 BOCADIYOGUAYAUNICARI	BOCADILLO GYAYABA CARIBE 20 GR	$0	$500	$0	N/A	0.000	- Sin Departamento -
 7702788921241	BOCADILLO MARQUETAX 500GR	$0	$7.400	$0	N/A	0.000	- Sin Departamento -
 7702129021289	BOCADILLO QUESO	$0	$3.200	$0	N/A	0.000	0
 BOCADILLOGUAYABAHOJA	BOCADIYO GUAYABA HOJA BIJAO UNIDAD	$0	$900	$0	N/A	0.000	- Sin Departamento -
 7702402059435	BOCATO FRESA	$0	$6.000	$0	N/A	0.000	- Sin Departamento -
 7702402053549	BOCATO HELADO 85 GF	$0	$5.700	$0	N/A	0.000	- Sin Departamento -
 7702402059442	BOCATO TRES LECHES	$0	$7.000	$0	N/A	0.000	- Sin Departamento -
 7702402053945	BOCATTO JUMBO	$0	$0	$0	0,00	0.000	0
 7702402059411	BOCCATO JUMBO	$0	$7.000	$0	N/A	0.000	- Sin Departamento -
 7702001116089	BOGGY PREMIO MORA ALPINA X 108G	$0	$0	$0	0,00	0.000	0
 7702001117000	BOGGY UVA ALPINA X 108G	$0	$2.100	$0	N/A	0.000	0
 7702354956714	BOKA	$0	$800	$0	N/A	0.000	- Sin Departamento -
 7501030683476	BOLIGRAFO CANETA PUNTA M AZUL	$0	$1.400	$0	N/A	0.000	- Sin Departamento -
 71641204867	BOLIGRAFO RETRACTIL PUNTA F NEGRO	$0	$1.500	$0	N/A	0.000	- Sin Departamento -
 7702189045577	BOLIQUESO MEGA FAMILIAR X160 G	$0	$6.000	$0	N/A	0.000	0
 71641204904	BOLOIGRAFO RETRACTIL PUNTA F ROJO	$0	$1.500	$0	N/A	0.000	- Sin Departamento -
 BOLSAB68	BOLSA BLANCA 6-8 	$0	$2.000	$0	N/A	0.000	- Sin Departamento -
 BOLSABLANCA68	BOLSA BLANCA 6-8  X 20	$0	$2.000	$0	N/A	0.000	- Sin Departamento -
 BOLSACOJEDERA1	BOLSA COJEDERA 1	$0	$3.800	$0	N/A	0.000	- Sin Departamento -
 BOLSACOJEDERA2	BOLSA COJEDERA 2	$0	$5.300	$0	N/A	0.000	- Sin Departamento -
 BOLSACOJEDERA2UNI	BOLSA COJEDERA 2 UNIDAD	$0	$200	$0	N/A	0.000	- Sin Departamento -
 BOLSACOJEDERA3	BOLSA COJEDERA 3	$0	$7.000	$0	N/A	0.000	- Sin Departamento -
 BOLSACOJEDERA3UN	BOLSA COJEDERA 3 UNI	$0	$400	$0	N/A	0.000	- Sin Departamento -
 BOLSACOJEDERA4UNI	BOLSA COJEDERA 4 UNIDAD	$0	$400	$0	N/A	0.000	- Sin Departamento -
 BOLSACOJEDERAMEDIANA	BOLSA COJEDERA MEDIANA	$0	$7.000	$0	N/A	0.000	- Sin Departamento -
 BOLSACOJEDERAMEDUNI	BOLSA COJEDERA MEDIANA UNIDAD	$0	$400	$0	N/A	0.000	- Sin Departamento -
 BOLSACOJEDERA1UNI	BOLSA COJEDERA UNIDAD	$0	$200	$0	N/A	0.000	- Sin Departamento -
 7705326020970	BOLSA CROISSANTS X 20 UNID MAMA INES 330 G	$0	$8.200	$0	N/A	0.000	0
 7704918691017	BOLSA DE VASO WAU! 16 OZ 25 VASOS	$0	$4.600	$0	N/A	0.000	0
 BOLSAN10-14	BOLSA NEGERA 10 -14	$0	$3.000	$0	N/A	0.000	- Sin Departamento -
 BOLSAN8-12	BOLSA NEGRA 8-12	$0	$2.000	$0	N/A	0.000	- Sin Departamento -
 BOLSANGRANMDE	BOLSA NEGRA GRANDE  UN	$0	$800	$0	N/A	0.000	- Sin Departamento -
 BOLSANGRANDE	BOLSA NEGRA GRANDE X10	$0	$7.000	$0	N/A	0.000	- Sin Departamento -
 BOLSANEGRAMEDIANA	BOLSA NEGRA MEDIANA  UN	$0	$400	$0	N/A	0.000	- Sin Departamento -
 BOLSANMEDIANA	BOLSA NEGRA MEDIANA X 10	$0	$2.700	$0	N/A	0.000	- Sin Departamento -
 BOLSA812	BOLSA TRANS 8 -12	$0	$2.000	$0	N/A	0.000	- Sin Departamento -
 BOLSAT8-12	BOLSA TRANS 8-12	$0	$2.000	$0	N/A	0.000	- Sin Departamento -
 BOLSATRANS1014	BOLSA TRANSPARENTE 10-14	$0	$3.000	$0	N/A	0.000	- Sin Departamento -
 BOMBADESTAQUEADORABA	BOMBA DESTAQUEADORA BAÑO	$0	$5.000	$0	N/A	0.000	- Sin Departamento -
 BOMBAS	BOMBAS	$0	$300	$0	N/A	0.000	- Sin Departamento -
 8718699765439	BOMBILLO 40W FHILIPS	$0	$4.800	$0	N/A	0.000	0
 8720169309203	BOMBILLO 40W PHILIPS 40W	$0	$4.800	$0	N/A	0.000	0
 8720169309128	BOMBILLO 75W PHILIPS	$0	$5.800	$0	N/A	0.000	0
 7707822753680	BOMBILLO LED 	$0	$4.800	$0	N/A	0.000	- Sin Departamento -
 8718699765491	BOMBILLO LED ECOHOME 10W LUZ BLANCA	$0	$0	$0	0,00	0.000	0
 7702011150325	BOMBOMBUM BARRA X40	$0	$18.000	$0	N/A	0.000	0
 7702011281166	BOMBOMBUM FRESA X12	$0	$0	$0	0,00	0.000	0
 BOMBOMBUMLINEA	BOMBOMBUM LINEA	$0	$300	$0	N/A	0.000	- Sin Departamento -
 7702011148247	BOMBOMBUM LINEA X40G	$0	$10.400	$0	N/A	0.000	0
 7702174088916	BOMBOMBUM PIN POP MANGO ENCHILADO	$0	$10.500	$0	N/A	0.000	- Sin Departamento -
 7702011242570	BOMBOMBUM SURTIDO  X24 UNI	$0	$10.500	$0	N/A	0.000	0
 BOMBOMBUM	BOMBOMBUM UNIDAD 	$0	$600	$0	N/A	0.000	- Sin Departamento -
 7702011281180	BOMBOMBUM  ROJO FRESA X24 UNI	$0	$10.500	$0	N/A	0.000	0
 7702011166067	BOMBOMBUMM TAJIN	$0	$1.700	$0	N/A	0.000	- Sin Departamento -
 81	BON BON BUM	$0	$0	$0	0,00	0.000	0
 7702011166050	BON BON BUM TAJIN	$0	$1.700	$0	N/A	0.000	- Sin Departamento -
 7702213051611	BON BRIL  BRILLO	$0	$400	$0	N/A	0.000	- Sin Departamento -
 7702137380378	BON BRIL ULTRA REMOCION	$0	$800	$0	N/A	0.000	- Sin Departamento -
 7702001175451	BON YURT BUUUM BASICO  X 170 GR 	$0	$4.200	$0	N/A	0.000	- Sin Departamento -
 7702057800345	BONFIEST PLUS	$0	$3.800	$0	N/A	0.000	0
 7702057841171	BONFIEST PLUS	$0	$3.800	$0	N/A	0.000	0
 7702001086498	BONYURT BLACK ALPINA X 173G	$0	$4.200	$0	N/A	0.000	0
 7702001086054	BONYURT CHOCO CRISPI ALPINA 169 GR	$2.873	$4.200	$0	N/A	0.000	0
 7702001086337	BONYURT CHOKOGOZZO ALPINA X 172GR	$0	$4.200	$0	N/A	0.000	0
 7702001175659	BONYURT MINI FROOT LOOPS	$0	$3.300	$0	N/A	0.000	- Sin Departamento -
 7702001173631	BONYURT NAVIDAD ALPINA 170GR	$0	$0	$0	0,00	0.000	0
 7702001124763	BONYURT PIAZA	$2.873	$4.200	$0	N/A	0.000	- Sin Departamento -
 7702001086023	BONYURT ZUCARITAS ALPINA 170GR	$2.873	$4.200	$0	N/A	0.000	0
 7450007935608	BORRADOR NATA	$0	$0	$0	0,00	0.000	0
 BORRADORNATAMAYKA	BORRADOR NATA MAYKA	$0	$500	$0	N/A	0.000	- Sin Departamento -
 7702005602809	BOSTON	$0	$6.000	$0	N/A	0.000	- Sin Departamento -
 7702005602823	BOSTON	$0	$6.000	$0	N/A	0.000	- Sin Departamento -
 7702005602502	BOSTON LIGHT	$0	$6.000	$0	N/A	0.000	0
 BOSTON	BOSTON LIGHT UNIDAD (marboro)	$0	$800	$0	N/A	0.000	- Sin Departamento -
 7702005602533	BOSTON LIGTH	$0	$12.000	$0	N/A	0.000	- Sin Departamento -
 7702005602526	BOSTON WHITE	$0	$6.000	$0	N/A	0.000	- Sin Departamento -
 7707928443652	BOTELLITA CARAMELO	$0	$1.200	$0	N/A	0.000	- Sin Departamento -
 7702090070705	BRETAÑA LATA X 269ML	$0	$0	$0	0,00	0.000	0
 7702090020847	BRETAÑA VIDRIO X 500ML	$0	$3.000	$0	N/A	0.000	0
 7702011271563	BRIDGE VAINILLA 	$0	$1.200	$0	N/A	0.000	- Sin Departamento -
 7.70532674652877E19	BRISA CON GAS MARACUYA 600ML	$0	$0	$0	0,00	0.000	0
 BUBALOO	BUBALOO	$0	$300	$0	N/A	0.000	- Sin Departamento -
 7622210589194	BUBBALOO MEGA  FRESA	$0	$3.000	$0	N/A	0.000	- Sin Departamento -
 7705326825971	BUENAZO BIMBO 60 G	$0	$2.400	$0	N/A	0.000	0
 7707211631902	BUENDIA SOBRE	$0	$400	$0	N/A	0.000	- Sin Departamento -
 7707211630592	BUENDIA VAINILLA	$0	$12.900	$0	N/A	0.000	- Sin Departamento -
 BURBUJA	BURBUJA JET	$0	$1.200	$0	N/A	0.000	- Sin Departamento -
 7702007046144	BURBUJAS JET X12	$0	$13.500	$0	N/A	0.000	0
 7702007055986	BURBUJET CRUJIVAINILLA X 50 G	$0	$4.400	$0	N/A	0.000	0
 7703202221343	BUSCAPINA COMPOSITUM NF	$0	$1.800	$0	N/A	0.000	- Sin Departamento -
 7703202221268	BUSCAPINA FEM	$0	$1.800	$0	N/A	0.000	- Sin Departamento -
 7707195160184	BUTIFARRA DE POLLO JAF X 500 G	$0	$8.400	$0	N/A	0.000	0
 7702788295830	BUÑUELOS EL CARIBE  X300G	$0	$0	$0	0,00	0.000	0
 50196166	Black And White 1/2	$0	$35.000	$0	0,00	0.000	- Sin Departamento -
 7703812044264	Blancox Loza Crem Aloe X 150gr	$0	$2.200	$0	N/A	0.000	- Sin Departamento -
 7703812044240	Blancox Loza Crem X 150 Gr Limon	$0	$2.200	$0	N/A	0.000	- Sin Departamento -
 7702354955793	Boka Mango	$0	$800	$0	N/A	0.000	- Sin Departamento -
 BOLSACIERRE	Bolsa Cierre 37	$0	$6.500	$0	N/A	0.000	- Sin Departamento -
 7702790100085	Buena Mesa Fideos 250 G	$0	$1.500	$0	N/A	0.000	- Sin Departamento -
 7707032403603	Buena Mesa Spagueti 250 G	$0	$1.500	$0	N/A	0.000	- Sin Departamento -
 7707211630851	Buendia X 300 G	$0	$42.000	$0	N/A	0.000	- Sin Departamento -
 7702006400114	C.PEINAR SEDAL RIZOS DEFINIDOS X 18ML	$0	$1.200	$0	N/A	0.000	0
 7702085012079	CABELLO DE ANGEL DORIA CLASICA X 250G	$1.800	$2.300	$0	N/A	0.000	0
 CABLEAUADIO1X1	CABLA AUDIO 1X1	$0	$11.000	$0	N/A	0.000	- Sin Departamento -
 CABLEAUDIO2X1	CABLE AUDIO 2X1	$0	$11.000	$0	N/A	0.000	- Sin Departamento -
 CABLETIPOC2MT	CABLE TIPO C  2 MT	$0	$14.000	$0	N/A	0.000	- Sin Departamento -
 CABLETIPOC	CABLE TIPO C 1 MT	$0	$13.000	$0	N/A	0.000	- Sin Departamento -
 CABLEV81MT	CABLE V8 1 MT	$0	$13.000	$0	N/A	0.000	- Sin Departamento -
 7702088212933	CAFE AROMA 45 GR POLVO	$0	$7.100	$0	N/A	0.000	0
 7707199660376	CAFE AROMA X50 G	$0	$9.500	$0	N/A	0.000	0
 7707211630608	CAFE BUEN DIA SABORORIZADO AMARETO X 50GR	$0	$14.000	$0	N/A	0.000	0
 7707211630219	CAFE BUEN DIA X 50G	$0	$12.000	$0	N/A	0.000	0
 7707211630912	CAFE BUEN DIA X 85G	$0	$19.500	$0	N/A	0.000	0
 7707211632206	CAFE BUENDIA AMARETTO 85 G / 3ONZ	$0	$18.500	$0	N/A	0.000	0
 7707211631445	CAFE BUENDIA CLACICO 340 GR	$48.976	$58.800	$0	N/A	0.000	- Sin Departamento -
 7702032119042	CAFE COLCAFE AMARETO X 50G	$0	$0	$0	0,00	0.000	0
 7702032117802	CAFE CON LECHE X22 G	$0	$2.000	$0	N/A	0.000	0
 7701362003014	CAFE FRIO JUAN VALDEZ 250ML	$0	$4.000	$0	N/A	0.000	- Sin Departamento -
 7707211635689	CAFE JUAN VALDES  CLASICO SOBRE	$0	$400	$0	N/A	0.000	- Sin Departamento -
 7707211635238	CAFE JUAN VALDEZ AVELLANA 50GR	$0	$16.500	$0	N/A	0.000	- Sin Departamento -
 7702032115686	CAFE LA BASTILLA  X450G	$0	$15.600	$0	N/A	0.000	- Sin Departamento -
 7703114201310	CAFE LA BASTILLA SUAVE 250 GR	$0	$9.600	$0	N/A	0.000	0
 7703114201211	CAFE LA BASTILLA  X125G	$0	$7.200	$0	N/A	0.000	0
 7702032120338	CAFE SELLO ROJO 	$0	$7.800	$0	N/A	0.000	- Sin Departamento -
 7702032252251	CAFE SELLO ROJO FUERTE X 125 G	$5.581	$7.800	$0	N/A	0.000	0
 7702032117826	CAFE SELLO ROJO X212 G	$0	$14.100	$0	N/A	0.000	0
 7702032120345	CAFE SELLO ROJO X40G	$0	$2.500	$0	N/A	0.000	- Sin Departamento -
 CAFETYOSTAOSBRE1.5	CAFE TOSTADO SOBRE 1.5	$0	$300	$0	N/A	0.000	- Sin Departamento -
 455	CAFE TOSTAO UNIDAD	$0	$0	$0	0,00	0.000	0
 7702439533397	CAFE TOSTAO  X40G	$0	$0	$0	0,00	0.000	0
 CAJADARNEL1COMP	CAJA DARNEL 1 COMPARTIMIENTO	$0	$54.500	$0	N/A	0.000	- Sin Departamento -
 7702072005008	CAJA DE FOSFORO	$0	$0	$0	0,00	0.000	0
 CAJAICOPOR2COMPARTIM	CAJA ICOPOR 2 COMPARTIMIENTOS	$0	$4.400	$0	N/A	0.000	- Sin Departamento -
 CAJAICOPOR3COMPRTA	CAJA ICOPOR 3 COMPARTIMIENTOS	$0	$4.000	$0	N/A	0.000	- Sin Departamento -
 CALDOMAGUICUBOUNI	CALDO MAGUI CUBO UNIDAD	$0	$500	$0	N/A	0.000	- Sin Departamento -
 7706263200364	CALMIDOL 	$0	$2.200	$0	N/A	0.000	- Sin Departamento -
 7702109004592	CAMPI X 125G	$3.754	$4.500	$0	N/A	0.000	0
 7702109999980	CAMPI X 250	$0	$7.700	$0	N/A	0.000	0
 7702090029581	CANADA DRY X 1.5L	$0	$6.000	$0	N/A	0.000	0
 7707822756759	CANDELA DE BOTON	$0	$2.000	$0	N/A	0.000	0
 7707015508172	CANDELA DE RUEDA	$0	$0	$0	0,00	0.000	0
 7702146904008	CANDELA TOKAY	$0	$2.000	$0	N/A	0.000	0
 7707928410227	CANDY RANCH  MARACUYA	$0	$600	$0	N/A	0.000	- Sin Departamento -
 7707298441692	CANDY RANCH MARACULULO	$0	$500	$0	N/A	0.000	- Sin Departamento -
 7707298441210	CANDY RANCH MORA AZUL	$0	$600	$0	N/A	0.000	- Sin Departamento -
 7707300440996	CANDYRANCH	$0	$600	$0	N/A	0.000	0
 7702032118465	CAPPUCCINO COLCAFE VAINILLANAT.18G	$0	$2.000	$0	N/A	0.000	0
 7702032118564	CAPUSHINO CLASICO  MOCCA 18 GR	$0	$2.000	$0	N/A	0.000	- Sin Departamento -
 CARAMELOBLANDOMAX1	CARAMELO BLANDO MAX  1	$0	$100	$0	N/A	0.000	- Sin Departamento -
 7702011028761	CARAMELO BLANMDO MAX FRUTACIDAS	$7.530	$9.000	$0	N/A	0.000	- Sin Departamento -
 7702031500605	CAREFREE PROTECCION X 15	$0	$2.000	$0	N/A	0.000	- Sin Departamento -
 7702005020139	CARIBE	$0	$8.000	$0	N/A	0.000	0
 7707195160139	CARME DE RES X500GR	$11.350	$13.000	$0	N/A	0.000	0
 7707195160320	CARNE DE HAMBURGUESA JAF X 500 G	$0	$8.800	$0	N/A	0.000	0
 7709683744296	CARNE DE RES JAF	$0	$13.800	$0	N/A	0.000	0
 7702402052450	CASERA GUANABANA	$0	$2.700	$0	N/A	0.000	0
 7702402052467	CASERA MORA	$0	$0	$0	0,00	0.000	0
 7702402059121	CASERA RON PASAS	$0	$0	$0	0,00	0.000	0
 7705326002044	CASERO BIMBO TRES LECHES X220G	$4.926	$6.500	$0	N/A	0.000	0
 5711220079152	CASERO BIMBO VAINILLA X220G	$3.879	$6.000	$0	N/A	0.000	- Sin Departamento -
 7702402059107	CASERO DE MORA 	$0	$2.700	$0	N/A	0.000	- Sin Departamento -
 7705326002136	CASERO SABOR MORA Y TRES LECHES	$0	$8.300	$0	N/A	0.000	0
 703980851654	CAÑON DE CERDO FILEMONT X 450 G	$0	$13.800	$0	N/A	0.000	0
 7707202225226	CEPILLO CORONA	$0	$3.000	$0	N/A	0.000	- Sin Departamento -
 7707305120213	CEPILLO DE BAÑO  OSBE	$0	$5.500	$0	N/A	0.000	- Sin Departamento -
 CEPILLODEMANO	CEPILLO DE MANO ESTREGAR	$0	$3.500	$0	N/A	0.000	- Sin Departamento -
 7501006711615	CEPILLO PRO 425	$0	$4.600	$0	N/A	0.000	0
 7702006406352	CERA EGO	$0	$1.500	$0	N/A	0.000	- Sin Departamento -
 7591039504957	CEREAL FLIPS X28G	$1.500	$1.800	$0	N/A	0.000	0
 7707355510828	CEREFRUT SALSA BBQX170ML	$0	$2.400	$0	N/A	0.000	0
 7707355510644	CEREFRUT SALSA CARNES X170GR	$0	$2.400	$0	N/A	0.000	0
 7707355510620	CEREFRUT SALSA CHINA	$0	$2.400	$0	N/A	0.000	0
 7707355510446	CEREFRUT SALSA DE HUMO X170ML	$0	$0	$0	0,00	0.000	0
 7707355510606	CEREFRUT SALSA INGLESAX170ML	$0	$2.400	$0	N/A	0.000	0
 7707355510613	CEREFRUT SALSA NEGRA X170ML	$0	$2.400	$0	N/A	0.000	0
 7707355510484	CEREFRUT SALSA TERIYAKI	$0	$2.400	$0	N/A	0.000	0
 7707355510408	CEREFRUT VINAGRETA X170ML	$0	$2.600	$0	N/A	0.000	0
 7707355510729	CEREZAS CEREFRUT X 125G	$0	$0	$0	0,00	0.000	0
 7707355510736	CEREZAS CEREFRUT X 250G	$0	$0	$0	0,00	0.000	0
 7701101357712	CERVECERO SNACK ZENU X 50 G	$0	$2.600	$0	N/A	0.000	0
 7707430870106	CERVERZA HEINEKEL LATA  X473CM	$0	$4.000	$0	N/A	0.000	0
 7702090071511	CERVEZA  3 CORDILLERAS 	$0	$4.500	$0	N/A	0.000	- Sin Departamento -
 7702004002051	CERVEZA  AGUILA LIGT 	$0	$4.000	$0	N/A	0.000	- Sin Departamento -
 7702004003065	CERVEZA  AGUILA LIGT X  1 LT	$0	$8.000	$0	N/A	0.000	- Sin Departamento -
 7702004002013	CERVEZA AGUILA  VIDRIO 	$0	$4.000	$0	N/A	0.000	- Sin Departamento -
 7702004002525	CERVEZA AGUILA LATA X 473 ML	$0	$5.000	$0	N/A	0.000	0
 7702004002556	CERVEZA AGUILA LIGHT LATA X 473 ML	$0	$5.000	$0	N/A	0.000	0
 7702004003058	CERVEZA AGUILA ORIGINAL 1 LITRO	$0	$8.000	$0	N/A	0.000	0
 7707430876641	CERVEZA ANDINA LATA X 473 ML	$0	$4.000	$0	N/A	0.000	0
 7702004005083	CERVEZA CLUB COLOMBA DORADA 850CM	$0	$8.000	$0	N/A	0.000	0
 7702004111531	CERVEZA CORONA   X 330 ML	$0	$6.000	$0	N/A	0.000	0
 7702004005540	CERVEZA COSTEÑITA 	$0	$4.000	$0	N/A	0.000	- Sin Departamento -
 7702051002554	CERVEZA PILCEN VIDRIO 330	$0	$4.000	$0	N/A	0.000	- Sin Departamento -
 7702051002738	CERVEZA PILSEN LATA X 473 ML	$0	$5.000	$0	N/A	0.000	0
 CERVEZAPOKERVIDRIO33	CERVEZA POKER  VIDRIO 330	$0	$3.500	$0	N/A	0.000	- Sin Departamento -
 7702004007667	CERVEZA POKER LATA X 473 ML	$0	$5.000	$0	N/A	0.000	0
 CERVEZAPOKERLITROBOT	CERVEZA POKER LITRO BOTELLA	$0	$8.000	$0	N/A	0.000	- Sin Departamento -
 7702088103309	CH0CO EXPRESS X120 CLAVOS Y CANELA	$0	$12.800	$0	N/A	0.000	0
 7702914605946	CHACHOS	$0	$2.200	$0	N/A	0.000	- Sin Departamento -
 7702914605960	CHACHOS  50G	$0	$5.000	$0	N/A	0.000	- Sin Departamento -
 7702914604659	CHACHOS AMERICANOS  BBQ 15 GR	$0	$2.600	$0	N/A	0.000	- Sin Departamento -
 7702914604680	CHAMPITAS CRISP. CARAMELO-RAMO 40G	$0	$2.500	$0	N/A	0.000	0
 7702914603003	CHAMPITAS CRISPETAS DULCES Y SALADAS	$0	$2.500	$0	N/A	0.000	0
 7707355510354	CHAMPIÑONES CEREFRUT X 250G	$0	$8.200	$0	N/A	0.000	0
 7707355510392	CHAMPIÑONES CEREFRUT  X 125G	$0	$5.800	$0	N/A	0.000	0
 7702993057438	CHAO FRESH	$0	$1.500	$0	N/A	0.000	- Sin Departamento -
 7702993033340	CHAO PASTILLA CEREZA	$0	$1.500	$0	N/A	0.000	0
 7702993050767	CHAO PASTILLA YERBA BUENA 	$0	$1.000	$0	N/A	0.000	- Sin Departamento -
 7703133089227	CHEESE HORNEADOS 45G	$0	$0	$0	0,00	0.000	0
 7702189059864	CHEESE TRIS 120 GR	$2.898	$4.500	$0	N/A	0.000	- Sin Departamento -
 7702189058607	CHEESE TRIS MINI 30 GR	$855	$1.300	$0	N/A	0.000	- Sin Departamento -
 7702189056788	CHEESE TRIS QUESO X42 G	$0	$2.000	$0	N/A	0.000	0
 7702189056795	CHEESTRIS FAMILIAR X 80G	$0	$0	$0	0,00	0.000	0
 7702189018304	CHEETOS	$0	$1.300	$0	N/A	0.000	- Sin Departamento -
 7702189060068	CHEETOS CALAVERA 	$0	$2.000	$0	N/A	0.000	- Sin Departamento -
 7702189055880	CHEETOS CRUNCHY FAMI HOT 37 GR	$0	$2.000	$0	N/A	0.000	- Sin Departamento -
 7702189057860	CHEETOS HORNEADOS 34 GR	$1.304	$2.000	$0	N/A	0.000	0
 7702189058577	CHEETOS MINI HORNEADOS-20 GR	$0	$0	$0	0,00	0.000	0
 7702189058591	CHEETOS MINI X 20 GR	$0	$1.300	$0	N/A	0.000	0
 7702189057877	CHEETOS NATURAL X 40G	$0	$2.000	$0	N/A	0.000	0
 7702189057884	CHEETOS TRISSITOS PICANTE 34G	$0	$2.000	$0	N/A	0.000	0
 7702626102702	CHERRY CAFE MARRO X 15 ML	$0	$3.000	$0	N/A	0.000	- Sin Departamento -
 7702626102696	CHERRY NEGRO X 15 ML	$0	$3.000	$0	N/A	0.000	- Sin Departamento -
 7702005602380	CHESTERFIELD 1/2	$0	$0	$0	0,00	0.000	0
 7702005601468	CHESTERFIELD BLUE GRANDE	$0	$12.000	$0	N/A	0.000	0
 7702005601451	CHESTERFIELD BLUE X UNID 8000	$0	$6.000	$0	N/A	0.000	0
 7702005602373	CHESTERFIELD WHITE	$0	$0	$0	0,00	0.000	0
 7702208944560	CHIA	$0	$4.000	$0	N/A	0.000	- Sin Departamento -
 7707699951332	CHICHARRINES MONTEFRIO	$0	$5.200	$0	N/A	0.000	- Sin Departamento -
 7708293671138	CHICHARRINES  70 GR	$0	$4.500	$0	N/A	0.000	0
 7702204812528	CHICHARRINESX170GR	$0	$2.700	$0	N/A	0.000	0
 7707699957556	CHICHARRON SAL MARINA 30 GR	$0	$5.200	$0	N/A	0.000	- Sin Departamento -
 7708293671282	CHICHARRONES SABOR LIMON THE FAMILY SNACK X 70G	$0	$5.000	$0	N/A	0.000	0
 CHICLEPEQUEÑAX2	CHICLE PEQUEÑA X 2	$0	$300	$0	N/A	0.000	- Sin Departamento -
 7622210427267	CHICLETS MENTA	$0	$0	$0	0,00	0.000	0
 7702439003524	CHIMICHURRY BARY DOY PACK 200 GRM	$0	$4.500	$0	N/A	0.000	0
 7702189056887	CHOCKIS BLACK 37 GR	$1.120	$1.600	$0	N/A	0.000	0
 7702189056245	CHOCKIS CHOCOBASE 47 GR	$1.120	$1.600	$0	N/A	0.000	0
 7702189057839	CHOCLITO LIMON FAMILIAR X 210G	$0	$8.400	$0	N/A	0.000	0
 7702189059857	CHOCLITOS LIMON INTENSO  125	$0	$5.000	$0	N/A	0.000	0
 7702189058553	CHOCLITOS PICANTES X45G	$0	$2.000	$0	N/A	0.000	0
 7702189058584	CHOCLITOS X27G	$0	$1.300	$0	N/A	0.000	0
 7702011163707	CHOCMELOS FRESA	$0	$2.400	$0	N/A	0.000	- Sin Departamento -
 7702011162519	CHOCMELOS VAINILLA	$0	$2.500	$0	N/A	0.000	- Sin Departamento -
 7702993054895	CHOCO BOMBONES BIANCHI SURTIDO X30	$0	$0	$0	0,00	0.000	0
 7702914160308	CHOCO BRAWNI X65 G	$0	$3.300	$0	N/A	0.000	0
 7702011002181	CHOCO BREAK	$0	$10.700	$0	N/A	0.000	- Sin Departamento -
 7702011006929	CHOCO BREAK COOKIES BLANCO X30	$0	$10.700	$0	N/A	0.000	0
 7702011039293	CHOCO BREAK FRUTAL X30	$0	$10.700	$0	N/A	0.000	0
 7702402058285	CHOCO CONO  CON TROZOS GALLETAS	$0	$4.000	$0	N/A	0.000	- Sin Departamento -
 7702088103293	CHOCO EXPRES LUKER X120G	$0	$12.600	$0	N/A	0.000	0
 7702103126047	CHOCO KRISPIS  X 30G	$0	$1.600	$0	N/A	0.000	0
 7702011137241	CHOCOBREAK BOMBOMBUM X30	$0	$10.700	$0	N/A	0.000	0
 CHOCOBREAK	CHOCOBREAK UNIDAD	$0	$400	$0	N/A	0.000	- Sin Departamento -
 7702402054416	CHOCOCONO	$0	$3.500	$0	N/A	0.000	0
 7702402058278	CHOCOCONO CON MANI	$0	$4.000	$0	N/A	0.000	0
 77024343	CHOCODISK	$0	$1.500	$0	N/A	0.000	- Sin Departamento -
 7702914604420	CHOCOGALLETA CHOCORAMO X60G	$0	$2.500	$0	N/A	0.000	0
 7702103807649	CHOCOKRISPIS MEGA 115G	$0	$5.800	$0	N/A	0.000	0
 7702007083101	CHOCOL CORONA INST CYC X200G	$0	$9.600	$0	N/A	0.000	0
 80974482	CHOCOL HUEVO KINDER NIÑO X 240 G	$0	$7.500	$0	N/A	0.000	0
 7702007080476	CHOCOL JET LECHE X 11G	$0	$1.500	$0	N/A	0.000	0
 7702007080360	CHOCOL JUMBO MANI X 35 G	$0	$3.800	$0	N/A	0.000	0
 7702007065541	CHOCOL TESALIA X 125 G	$0	$0	$0	0,00	0.000	0
 7702007068214	CHOCOLARE CRUZ SIN AZUCAR 125 GR 	$0	$10.800	$0	N/A	0.000	- Sin Departamento -
 7702007205046	CHOCOLATE CORONA X 250 G X 10 PAST	$0	$0	$0	0,00	0.000	0
 7702007062489	CHOCOLATE CRUZ X14 G	$0	$1.200	$0	N/A	0.000	0
 7702007061741	CHOCOLATE CRUZ X250G	$0	$18.900	$0	N/A	0.000	0
 40000514480	CHOCOLATE M&MS SINGLES X47.9G	$0	$6.000	$0	N/A	0.000	0
 40000514251	CHOCOLATE SNICKERS BARRA X52G	$0	$6.000	$0	N/A	0.000	0
 7702007061734	CHOCOLATE TESALIA C Y C 250GR	$0	$17.400	$0	N/A	0.000	- Sin Departamento -
 6922235800351	CHOCOLATIER X3	$0	$8.000	$0	N/A	0.000	- Sin Departamento -
 7702011162946	CHOCOLATINA MUUU	$0	$800	$0	N/A	0.000	- Sin Departamento -
 7702007085891	CHOCOLISTO 90G	$0	$4.000	$0	N/A	0.000	0
 7702402057844	CHOCOLISTO COKIES AND CREAM	$0	$2.500	$0	N/A	0.000	0
 7702007058024	CHOCOLISTO CROCANTE X100	$0	$0	$0	0,00	0.000	0
 7702402059275	CHOCOLISTO HELADO CROCANTE	$0	$2.500	$0	N/A	0.000	- Sin Departamento -
 7702007085952	CHOCOLISTO SOBRE 15G	$0	$900	$0	N/A	0.000	- Sin Departamento -
 7702007216127	CHOCOLISTO SOBRE X 200 GR	$0	$8.600	$0	N/A	0.000	0
 7702914600491	CHOCORAMO BROWNIE MINI AREQ. 20G	$0	$0	$0	0,00	0.000	0
 7702914602761	CHOCORAMO ESQUINA	$0	$3.000	$0	N/A	0.000	0
 7702914596787	CHOCORAMO TAJADA X65G	$0	$2.500	$0	N/A	0.000	0
 7702914594431	CHOCORRAMO MITI	$0	$2.000	$0	N/A	0.000	0
 7705326070371	CHOCOSO BIMBO X 65 G	$1.920	$2.400	$0	N/A	0.000	0
 7702189011251	CHOKIS 19 GR	$1.068	$1.600	$0	N/A	0.000	0
 7702189056214	CHOKIS BASICA 37G	$0	$1.600	$0	N/A	0.000	0
 7707195160252	CHORIZO CASERO  X 5 JAF X 500 G	$9.050	$11.000	$0	N/A	0.000	0
 7707195160269	CHORIZO CASERO JAF  X2	$0	$4.600	$0	N/A	0.000	0
 7707195160153	CHORIZO CASERO MINI JAF X 500 G	$9.050	$11.000	$0	N/A	0.000	0
 7702129073516	CHORIZO CON TERNERA PREMIUM  UNIDAD	$0	$2.200	$0	N/A	0.000	- Sin Departamento -
 7709816239224	CHORIZO DE CERDO JAF X 800 G	$0	$15.900	$0	N/A	0.000	0
 793969276943	CHORIZO MONTAÑERO X2 	$0	$4.900	$0	N/A	0.000	0
 7702129072250	CHORIZO SANTAROSANO COLANTA X 500 G	$0	$18.600	$0	N/A	0.000	0
 7701101360460	CHRZ. RANCHERA PRLLA. DUOPACK X 96G	$0	$6.800	$0	N/A	0.000	0
 7701101360750	CHRZ.TERNERA ZENU PARPACK X 100 G	$0	$4.600	$0	N/A	0.000	0
 456	CHUPAS	$0	$0	$0	0,00	0.000	0
 7705326018137	CHUSQUITAS MAMA INES - 5 PORC. 110G	$0	$3.800	$0	N/A	0.000	0
 7701101357224	CHZO RICA TRIPACK X 165G	$0	$5.900	$0	N/A	0.000	0
 7702005917712	CIGARRILLOS L Y M MORADO 1/2	$0	$4.500	$0	N/A	0.000	0
 7702005782150	CIGARRILLOS L Y M  1/2	$0	$4.500	$0	N/A	0.000	0
 7702005602151	CIGARRILLOS MALBORO VISTA X 20. $1.000 POR UNID.	$0	$14.000	$0	N/A	0.000	0
 77042354	CIGARRILLOS ROTHMANS	$0	$0	$0	0,00	0.000	0
 7702303981934	CIGARRILLOS ROTHMANS BLUE CLASIC CAJA 10 (UNID.  400 C.U.)	$0	$0	$0	0,00	0.000	0
 7702303795661	CIGARRILLOS ROTHMANS PLATEADO CAJAX10.	$0	$6.200	$0	N/A	0.000	0
 CINTAANCHA	CINTA  ANCHA 	$0	$6.000	$0	N/A	0.000	- Sin Departamento -
 CINTAENMASCARAR	CINTA ENMASCARAR	$0	$2.100	$0	N/A	0.000	- Sin Departamento -
 7701845	CINTA NEGRA	$0	$2.000	$0	N/A	0.000	- Sin Departamento -
 CINTAPEGANTEPEQUEÑO	CINTA PEGANTE PEQUEÑA	$0	$500	$0	N/A	0.000	- Sin Departamento -
 7622300622763	CLIGHT FRESA BI-PO X2L X14G	$0	$2.200	$0	N/A	0.000	0
 7622300622749	CLIGHT LIMON X 2L14G	$0	$2.200	$0	N/A	0.000	0
 7622300623920	CLIGHT MANDARINA X 2L X 14G	$0	$2.200	$0	N/A	0.000	0
 7622300622787	CLIGHT NARANJA BI-PO X 2 X14G	$0	$2.200	$0	N/A	0.000	0
 7622210309273	CLIGHT PIÑA BI-PO X 2L	$0	$2.200	$0	N/A	0.000	0
 7622300622824	CLIHGT TORONJA X14G	$0	$2.200	$0	N/A	0.000	0
 7702189058546	CLOCLITOS LIMON 45G	$0	$2.000	$0	N/A	0.000	0
 7702213566924	CLOROX  460 ML	$0	$2.000	$0	N/A	0.000	0
 7702137624625	CLOROX 3.8 LT 	$0	$12.800	$0	N/A	0.000	- Sin Departamento -
 7702137628654	CLOROX ROPA SIN CLORO  450 ML	$0	$3.800	$0	N/A	0.000	0
 7702004003751	CLUB COLOMBIA  NEGRA  330	$0	$4.500	$0	N/A	0.000	- Sin Departamento -
 7702004003454	CLUB COLOMBIA DORADA  330	$0	$5.000	$0	N/A	0.000	- Sin Departamento -
 7702004003607	CLUB COLOMBIA ROJA BOTELLA 330	$0	$4.500	$0	N/A	0.000	0
 7702004006745	CLUB COLOMBIA TRIGO	$0	$5.000	$0	N/A	0.000	- Sin Departamento -
 7622201720223	CLUB SOCIAL	$0	$1.200	$0	N/A	0.000	- Sin Departamento -
 7622201720063	CLUB SOCIAL INTEGRAL	$0	$1.200	$0	N/A	0.000	0
 7622201720056	CLUB SOCIAL INTEGRALX9	$0	$7.800	$0	N/A	0.000	0
 7622201717568	CLUB SOCIAL ORIGINAL X 216 GR	$0	$7.500	$0	N/A	0.000	- Sin Departamento -
 7622201717575	CLUB SOCIAL UNIDAD 	$0	$1.200	$0	N/A	0.000	- Sin Departamento -
 7702535024447	COCA COLA 3LT  	$0	$11.500	$0	N/A	0.000	0
 7702535033593	COCA COLA 500ML	$0	$3.500	$0	N/A	0.000	- Sin Departamento -
 7702535011799	COCA COLA SIN AZUCAR X 1.5LT	$0	$7.000	$0	N/A	0.000	0
 7702535011119	COCA COLA SIN AZUCAR X 400 ML	$0	$3.500	$0	N/A	0.000	0
 7702535001028	COCA COLA VIDRIO 350 ML	$0	$3.500	$0	N/A	0.000	0
 7702535024423	COCA COLA X 1.5 LT	$0	$7.000	$0	N/A	0.000	0
 7702535001721	COCA COLA X 1LT	$0	$4.500	$0	N/A	0.000	0
 7702535001783	COCA COLA X 2.25 L	$0	$8.000	$0	N/A	0.000	0
 77035684	COCA COLA X 250 ML	$0	$2.000	$0	N/A	0.000	0
 7702535011089	COCA COLA X 400 ML	$0	$3.500	$0	N/A	0.000	0
 7702535006412	COCACOLA 1.365L	$0	$5.000	$0	N/A	0.000	- Sin Departamento -
 7702535001752	COCACOLA 600ML	$0	$4.000	$0	N/A	0.000	- Sin Departamento -
 77011527	COCACOLA 8 ONZ	$0	$2.500	$0	N/A	0.000	0
 7702535005354	COCACOLA LATA X350 ML	$0	$3.500	$0	N/A	0.000	- Sin Departamento -
 77056238	COCACOLA LITH	$0	$2.500	$0	N/A	0.000	- Sin Departamento -
 7702535001530	COCACOLA RP	$0	$7.000	$0	N/A	0.000	0
 77082381	COCACOLA ZERO 250ML	$0	$2.000	$0	N/A	0.000	0
 766871804382	COCO CABELLO DE ANGEL 100 GR	$0	$4.000	$0	N/A	0.000	- Sin Departamento -
 7702007031560	COCOA CORONA BOLSA X 100 GR	$0	$9.500	$0	N/A	0.000	0
 7702007031553	COCOA CORONA BOLSA X 230 GR	$0	$17.100	$0	N/A	0.000	0
 7702085012390	CODOS DORIA X 250	$0	$2.200	$0	N/A	0.000	- Sin Departamento -
 7702011155511	COFFE DELIGHT CAPPUCCINO X100	$0	$13.000	$0	N/A	0.000	0
 COFFEEBLANDOX1	COFFEE BLANDO X 1	$0	$200	$0	N/A	0.000	- Sin Departamento -
 7702011010612	COFFEE DELIGTH	$7.915	$9.500	$0	N/A	0.000	- Sin Departamento -
 COFFEEDUROX1	COFFEE DURO X 1	$0	$200	$0	N/A	0.000	- Sin Departamento -
 7702914604338	COHETE	$0	$2.200	$0	N/A	0.000	- Sin Departamento -
 7702914604352	COHETE BARRITA LECHE CONDENSADA  RAMO X 33G	$0	$1.500	$0	N/A	0.000	0
 7702004016652	COLA & POLA X 1.5 L	$0	$6.000	$0	N/A	0.000	0
 7702004016614	COLA Y POLA LATA 330	$0	$3.000	$0	N/A	0.000	- Sin Departamento -
 7702032118595	COLCAF CAPPUCCINOAVELLNA X 18 G	$0	$2.000	$0	N/A	0.000	0
 7702032113088	COLCAFE CAJA X72G. SI VENTA X UNID. $ 300	$0	$12.000	$0	N/A	0.000	0
 7702032118427	COLCAFE CAPUCCINO CLASICO X 18 G	$0	$2.000	$0	N/A	0.000	0
 7702032114016	COLCAFE CLASICO X42	$0	$8.000	$0	N/A	0.000	0
 7702032119646	COLCAFE FIOLIZADO X85G	$0	$0	$0	0,00	0.000	0
 7702032119653	COLCAFE LIOFILIZADO X47G	$0	$14.000	$0	N/A	0.000	0
 7702032110278	COLCAFE SOBRE  1.5 GR	$0	$400	$0	N/A	0.000	- Sin Departamento -
 7509546658223	COLGATE CARBON	$0	$4.600	$0	N/A	0.000	- Sin Departamento -
 7509546696768	COLGATE DOBLE  FRES X100ML	$0	$6.300	$0	N/A	0.000	0
 7702010111587	COLGATE EXTRA BLANCURA  X60ML	$0	$4.400	$0	N/A	0.000	0
 7509546054650	COLGATE LUMINOUS WHITE 99 GR	$0	$11.800	$0	N/A	0.000	- Sin Departamento -
 7509546015040	COLGATE MEDIO	$0	$2.600	$0	N/A	0.000	- Sin Departamento -
 7509546652139	COLGATE MENTA X60ML	$0	$3.600	$0	N/A	0.000	0
 7509546666396	COLGATE TOTAL 12 MINT X63 ML	$0	$8.000	$0	N/A	0.000	0
 7702010631382	COLGATE TRIPLE + CEPILLO X 50ML	$0	$4.700	$0	N/A	0.000	0
 7702010111464	COLGATE TRIPLE ACCION X 22 ML	$0	$2.300	$0	N/A	0.000	0
 7702010111501	COLGATE TRIPLE ACCION X60ML	$0	$4.100	$0	N/A	0.000	0
 7509546699998	COLGATE TRIPLE ACCION X75G	$0	$4.400	$0	N/A	0.000	0
 7702870070604	COLIK FORTE	$0	$1.500	$0	N/A	0.000	- Sin Departamento -
 COLAPOLAVIDRIO330ML	COLO Y POLA VIDRIO 330 ML	$0	$3.000	$0	N/A	0.000	- Sin Departamento -
 7707151700744	COLOMBIANA	$0	$1.500	$0	N/A	0.000	- Sin Departamento -
 7707151700850	COLOMBIANA 2.5	$0	$6.000	$0	N/A	0.000	- Sin Departamento -
 7707151700768	COLOMBIANA 3.125 ML	$0	$8.500	$0	N/A	0.000	- Sin Departamento -
 7707151700874	COLOMBIANA 400	$0	$2.500	$0	N/A	0.000	- Sin Departamento -
 7707151700911	COLOMBIANA ECONOLITRO	$0	$3.500	$0	N/A	0.000	- Sin Departamento -
 7703121000029	COLOR LA GRAN COCINA X 20G	$0	$1.000	$0	N/A	0.000	0
 7703121000128	COLOR LA GRAN COCINA X 70G	$0	$2.000	$0	N/A	0.000	0
 COMPOSTELACACERITAUN	COMPOSTELA CACERITA UNIDAD	$0	$200	$0	N/A	0.000	- Sin Departamento -
 7702090616934	COMPOTA  MANZANA NATURE BABY 113 GR	$0	$2.700	$0	N/A	0.000	- Sin Departamento -
 7702439481056	COMPOTA MANZANA BOLSA X90G	$0	$0	$0	0,00	0.000	0
 7702439844264	COMPOTA MANZANA VIDRIO 113G	$0	$2.700	$0	N/A	0.000	0
 7702439252779	COMPOTA PERA VIDRIO X113G	$0	$2.700	$0	N/A	0.000	0
 7702085012123	CONCHAS  DORIA X 250	$0	$2.300	$0	N/A	0.000	- Sin Departamento -
 7702085012215	CONCHITAS DORIA  X 250 GR	$0	$2.300	$0	N/A	0.000	- Sin Departamento -
 7703121225378	CONDIMENTO COMLETO TRIGUISAR X40GR	$0	$2.200	$0	N/A	0.000	0
 4005800041495	CONDONES DUO G SENSATION	$0	$4.500	$0	N/A	0.000	- Sin Departamento -
 7702132007744	CONDONES TODAY HOT SENSATION	$3.600	$4.200	$0	N/A	0.000	- Sin Departamento -
 7702132402662	CONDONES TODAY LUBRICADO	$3.600	$4.200	$0	N/A	0.000	- Sin Departamento -
 7702132403959	CONDONES TODAY PUNTO G	$3.600	$4.200	$0	N/A	0.000	- Sin Departamento -
 7702132009540	CONDONES TODAY TRIPLE PLEASURE	$3.600	$4.200	$0	N/A	0.000	- Sin Departamento -
 7702011016812	CONFITES ANISADAS-COLOMBINA X 100 UNID	$0	$0	$0	0,00	0.000	0
 CONTAINER2C	CONTAINER ICOPOR 2 COMPARTIMENTOS	$0	$4.600	$0	0,00	0.000	- Sin Departamento -
 7702458002270	CONTENED DARNEL 12 OZ	$0	$12.200	$0	N/A	0.000	0
 7702458002287	CONTENEDOR CON TAPA PLASTICA X16 ONZ	$0	$14.000	$0	N/A	0.000	0
 CONTENEDOR 	CONTENEDOR DE TAPA X1	$0	$5.400	$0	N/A	0.000	- Sin Departamento -
 7707334530038	COPA DESECHABLE 1.5 ONZA X 50	$0	$2.400	$0	N/A	0.000	0
 7703111002941	COPELIA	$0	$1.000	$0	N/A	0.000	- Sin Departamento -
 7709983195828	COPITOS 50 UND	$0	$3.800	$0	N/A	0.000	- Sin Departamento -
 7709983195859	COPITOS AA  X80U	$0	$4.800	$0	N/A	0.000	0
 CORAZONCACERITAUNI	CORAZON CACERITA UNIDAD	$0	$800	$0	N/A	0.000	- Sin Departamento -
 7702085012178	CORBATINES DORIA X 250G	$0	$2.300	$0	N/A	0.000	0
 7702007085488	CORONA CLAVOS Y CANELA 200G	$0	$9.800	$0	N/A	0.000	- Sin Departamento -
 7707202223680	CORONA JAMES	$0	$3.000	$0	N/A	0.000	- Sin Departamento -
 7707202226162	CORONA JAMES CEPILLO NIÑO	$0	$2.800	$0	N/A	0.000	0
 7702007084528	CORONA TRADICIONAL 100G	$0	$4.300	$0	N/A	0.000	0
 7702007085471	CORONA TRADICIONAL 200G	$0	$9.800	$0	N/A	0.000	- Sin Departamento -
 7702007016376	CORONA TRADICIONAL X 25 GR 	$0	$1.200	$0	N/A	0.000	- Sin Departamento -
 CORTAUÑASGRANDE	CORTA UÑAS GRANDE	$0	$2.500	$0	N/A	0.000	- Sin Departamento -
 CORTAUÑASPÑO	CORTA UÑAS PEQUEÑO	$0	$1.500	$0	N/A	0.000	- Sin Departamento -
 7702402054409	CREM HELADO ARTESANAL  MORA	$0	$3.500	$0	N/A	0.000	- Sin Departamento -
 7702001161102	CREMA DE LECHE ALPINA X200 ML	$0	$5.300	$0	N/A	0.000	0
 7702177007884	CREMA DE LECHE ALQUERIA 125 G	$0	$0	$0	0,00	0.000	0
 7702177022337	CREMA DE LECHE ALQUERIA 180 GR	$0	$5.000	$0	N/A	0.000	0
 7700604054630	CREMA DE LECHE PARMALAT 125 ML	$2.550	$3.100	$0	N/A	0.000	0
 7700604054616	CREMA DE LECHE PARMALAT 200ML	$4.200	$4.900	$0	N/A	0.000	0
 7700604054654	CREMA DE LECHE PARMALAT 400 ML	$0	$9.100	$0	N/A	0.000	0
 7702177022344	CREMA DE LECHE X 400 G	$0	$9.900	$0	N/A	0.000	0
 7702177022870	CREMA DE LECHE X 850	$0	$19.900	$0	N/A	0.000	0
 7702354949884	CREMA DE SANCOCHO X32GR	$0	$1.700	$0	N/A	0.000	0
 7702354937911	CREMA DE TOMATE X56GR	$0	$1.700	$0	N/A	0.000	0
 7702354930950	CREMA DE VERDURAS X44G	$0	$1.700	$0	N/A	0.000	0
 7702129035538	CREMA LECHE UHT SEMIENTERA COLANTA X 175 G	$0	$0	$0	0,00	0.000	0
 7702210001282	CREMA MULTIUSOS FROTEX X 170G	$0	$6.800	$0	N/A	0.000	0
 7702011062024	CREMA MUUU CHOCOLATE	$5.305	$6.400	$0	N/A	0.000	0
 7702354930936	CREMA POLLO CON CHAMPIÑONES 42.5	$0	$1.500	$0	N/A	0.000	- Sin Departamento -
 7702006402620	CREMA PONDS CLARA ROSADA B3 X 8.5 G	$0	$2.300	$0	N/A	0.000	0
 7702006402606	CREMA PONDS REJUVENSS ROJA X 8.5 G	$0	$2.300	$0	N/A	0.000	0
 7702006402613	CREMA PONDS S AZUL X 8.5 G	$0	$2.300	$0	N/A	0.000	0
 7707331406077	CREMOSITO ALQUERIA FRESA 95G	$950	$1.500	$0	N/A	0.000	0
 7707331406084	CREMOSITO ALQUERIA MORA 95G	$0	$1.500	$0	N/A	0.000	0
 7702011164735	CRISLY SPLAS	$0	$1.800	$0	N/A	0.000	- Sin Departamento -
 7702914595063	CRISPETA DULCE-SALADA 25GR	$0	$0	$0	0,00	0.000	0
 7702914604727	CRISPETAS  CHOCORRAMO 130 GR	$0	$8.700	$0	N/A	0.000	- Sin Departamento -
 7702914604710	CRISPETAS CHOCORRAMO	$0	$3.000	$0	N/A	0.000	0
 7702914603010	CRISPETAS DULCES Y SALADAS X 90G	$0	$6.000	$0	N/A	0.000	0
 7702914604697	CRISPETAS RAMO  X 115 G	$0	$6.500	$0	N/A	0.000	0
 7702090060553	CRISTAL ALOE 330ML	$0	$2.500	$0	N/A	0.000	0
 7702090069761	CRISTAL PET 1LT SPORT	$0	$0	$0	0,00	0.000	0
 7702088902339	CRISTALINO JABON FRUTOS ROJOS X125G	$2.892	$3.400	$0	N/A	0.000	0
 7702088960452	CRISTALINO JABON MANZANA X125G	$0	$3.400	$0	N/A	0.000	0
 7702007001822	CRUJI JET BLANCA X 24 G	$0	$3.800	$0	N/A	0.000	0
 7707222551749	CUAJADA BETANIA 250G	$0	$6.700	$0	N/A	0.000	- Sin Departamento -
 7707222550056	CUAJADA BETANIA X500 GR	$0	$12.000	$0	N/A	0.000	0
 7702535034101	CUATRO 2.25	$0	$8.000	$0	N/A	0.000	- Sin Departamento -
 7702788000168	CUBITOS BOCADILLOS DE GUAY. EL CARIBE 6 PORC. X 300 G	$0	$7.200	$0	N/A	0.000	0
 7707290711854	CUCA GALLETA TRADIC. LAS CASERITAS BOLSAX4 UNID. 170G	$0	$0	$0	0,00	0.000	0
 7707292832014	CUCHARA DECO X 20	$0	$2.000	$0	N/A	0.000	- Sin Departamento -
 731199056249	CUCHARA SOPERA IBERICO	$0	$2.000	$0	N/A	0.000	0
 7591066711014	CUCHILL AFEITAR SCHICK 3 HOJAS HAWAIIN	$0	$3.200	$0	N/A	0.000	0
 7591066701015	CUCHILL AFEITAR SCHICK 3 HOJAS PIEL SENSIBLE	$0	$3.200	$0	N/A	0.000	0
 7502214739620	CUCHILLA 4 HOJAS SCHICK WOMWN	$0	$4.600	$0	N/A	0.000	0
 DORCO	CUCHILLA DORCO UNIDAD	$0	$500	$0	N/A	0.000	- Sin Departamento -
 8801038200026	CUCHILLA DORCO X5UND	$0	$2.000	$0	N/A	0.000	0
 4891228530136	CUCHILLA  SCHICK 4 HOJAS	$0	$4.600	$0	N/A	0.000	0
 CUREBANDSTANDARD	CUREBAND STANDARD	$0	$200	$0	N/A	0.000	- Sin Departamento -
 7702136646628	CURITAS CURE BAND UNIDAD	$0	$200	$0	N/A	0.000	- Sin Departamento -
 8470002011090	CURITAS NIÑOS	$0	$700	$0	N/A	0.000	0
 CAUCHO	Caucho Blanco Y Negro	$0	$1.000	$0	N/A	0.000	- Sin Departamento -
 COCACOLA350	Ccocacola 350 Ml	$0	$3.000	$0	N/A	0.000	- Sin Departamento -
 7702914605984	Chachos Sabor A Limon	$0	$2.200	$0	N/A	0.000	- Sin Departamento -
 7702993031711	Chao Linea Fresa	$0	$600	$0	N/A	0.000	- Sin Departamento -
 7702993031704	Chao Linea Fresa	$0	$700	$0	N/A	0.000	- Sin Departamento -
 793969751242	Chorizo Montanero x5	$0	$12.000	$0	N/A	0.000	- Sin Departamento -
 7622202226601	Club S0cial Jamon X 6und	$0	$5.400	$0	N/A	0.000	- Sin Departamento -
 7622202226618	Club Social Jamon Ahumado	$0	$1.200	$0	N/A	0.000	- Sin Departamento -
 7622202226366	Club Social Queso	$0	$1.200	$0	N/A	0.000	- Sin Departamento -
 7622202226359	Club Social Queso X 6 Und	$0	$5.400	$0	N/A	0.000	- Sin Departamento -
 7702535025284	Cocacola 	$0	$2.000	$0	N/A	0.000	- Sin Departamento -
 7702011012302	Coffee Delight 50 Und	$0	$6.500	$0	N/A	0.000	- Sin Departamento -
 7702001174928	Colada Nutritiva  Rollo De Canela	$0	$1.600	$0	N/A	0.000	- Sin Departamento -
 7702001173587	Colada Nutritiva Banano	$0	$1.600	$0	N/A	0.000	- Sin Departamento -
 7702032118182	Colcafe 3 En 1	$0	$2.000	$0	N/A	0.000	- Sin Departamento -
 7891024034095	Colgate Kids 50gr	$0	$4.500	$0	N/A	0.000	- Sin Departamento -
 7707151754952	Colombiana 1.5	$0	$5.000	$0	N/A	0.000	- Sin Departamento -
 7702090064193	Colombiana 2.5	$0	$6.000	$0	N/A	0.000	- Sin Departamento -
 7702132655648	Condon Hawaii	$0	$1.200	$0	N/A	0.000	- Sin Departamento -
 CONTENEDOR X2	Contenedor X2	$0	$4.600	$0	N/A	0.000	- Sin Departamento -
 7702004111579	Corona Cero	$0	$6.000	$0	N/A	0.000	- Sin Departamento -
 7702006203999	Crema De Peinar 	$0	$1.200	$0	N/A	0.000	- Sin Departamento -
 7702136645003	Curitas	$0	$200	$0	N/A	0.000	- Sin Departamento -
 7702189059963	DE TODITO  POLLO PARRILLERO 50 GR	$1.956	$3.000	$0	N/A	0.000	- Sin Departamento -
 7702189055545	DE TODITO BBQ 50 GR	$1.956	$3.000	$0	N/A	0.000	0
 7702189058058	DE TODITO BBQ 65 GR	$0	$2.500	$0	N/A	0.000	0
 7702189059277	DE TODITO BOLZASA	$0	$4.500	$0	N/A	0.000	- Sin Departamento -
 7702189059000	DE TODITO FLAMING HOT 50G	$0	$3.000	$0	N/A	0.000	0
 7702189055583	DE TODITO LIMON  + INTENSO 50 GR	$1.956	$3.000	$0	N/A	0.000	0
 7702189055569	DE TODITO MIX 50 GR	$1.956	$3.000	$0	N/A	0.000	0
 7702189058072	DE TODITO MIX 65 GR	$0	$0	$0	0,00	0.000	0
 7702189057617	DE TODITO NATURAL  165 GR	$0	$8.000	$0	N/A	0.000	- Sin Departamento -
 7702189058065	DE TODITO NATURAL 65GR	$0	$3.500	$0	N/A	0.000	0
 DEDOCACERITAUNID	DEDO CACERITA UNIDAD	$0	$300	$0	N/A	0.000	- Sin Departamento -
 7702535002063	DEL BVALLE  MANDARINA   X 400 ML	$0	$2.000	$0	N/A	0.000	- Sin Departamento -
 7702535023730	DEL VALLE  MANGO FRESA  X 500 ML	$0	$3.000	$0	N/A	0.000	- Sin Departamento -
 7702535027066	DEL VALLE  MORA X 500 ML	$0	$3.000	$0	N/A	0.000	- Sin Departamento -
 7702535034446	DEL VALLE 250 ML	$0	$1.600	$0	N/A	0.000	- Sin Departamento -
 7702535022054	DEL VALLE FRUTAS CITRICAS  400ML	$0	$2.000	$0	N/A	0.000	0
 7702535020371	DEL VALLE MANDARINA  X 1.5 ML	$0	$5.000	$0	N/A	0.000	- Sin Departamento -
 7702535022511	DEL VALLE MANGO  X 500 ML	$0	$3.000	$0	N/A	0.000	- Sin Departamento -
 7702166024342	DERSA BICARBONATO X250G	$0	$0	$0	0,00	0.000	0
 7702166004030	DERSA LIMPIEZA PROFUNDA	$0	$0	$0	0,00	0.000	0
 7702166059641	DERSA LIQUIDO  400 ML	$0	$5.800	$0	N/A	0.000	- Sin Departamento -
 7702166002456	DERSA MANZANA X250G	$0	$0	$0	0,00	0.000	0
 7702166004801	DERSA X500G	$0	$0	$0	0,00	0.000	0
 7707285980654	DESENGRASANTE HORNOS PARRILAS 500 ML	$0	$4.000	$0	N/A	0.000	0
 7702538251321	DESEO JABON COCO ALMENDRA 11 GR	$0	$2.400	$0	N/A	0.000	- Sin Departamento -
 7707285981170	DESINFECTANTE MULTIUSO EUCALIPTO X500ML	$0	$2.600	$0	N/A	0.000	0
 7707285980395	DESINFECTANTE MULTIUSOS CANELA X1000ML	$0	$4.000	$0	N/A	0.000	0
 7707285980524	DESINFECTANTE MULTIUSOS CITRONELA	$0	$2.600	$0	N/A	0.000	0
 7707285980494	DESINFECTANTE MULTIUSOS CITRONELA X1000ML	$0	$4.000	$0	N/A	0.000	- Sin Departamento -
 7707285980876	DESINFECTANTE MULTIUSOS EUCALIPTO LIMON X1000ML	$0	$4.000	$0	N/A	0.000	0
 7707285980432	DESINFECTANTE MULTIUSOS FLORAR X500ML	$0	$2.600	$0	N/A	0.000	0
 7702177007341	DESLACTOSADA ALKERIA 	$0	$6.800	$0	N/A	0.000	- Sin Departamento -
 7702029173781	DESODORANTE BALANCE CLINICA  WOMEN 	$0	$4.500	$0	N/A	0.000	- Sin Departamento -
 7702045790290	DESODORANTE BALANCE DAMA X9G	$0	$1.200	$0	N/A	0.000	0
 7702029509382	DESODORANTE CLINICAL BALANCE  MEN	$0	$4.500	$0	N/A	0.000	- Sin Departamento -
 7702006205542	DESODORANTE CLINICAL REXONA MEN SOBRE	$0	$1.200	$0	N/A	0.000	0
 7702006205535	DESODORANTE CLINICAL REXONA MUJER SOBRE	$0	$1.200	$0	N/A	0.000	0
 7501033210792	DESODORANTE LADY GEL SOBRE	$0	$1.200	$0	N/A	0.000	- Sin Departamento -
 7501033210808	DESODORANTE SPEED STICK GEL X 8G	$0	$1.200	$0	N/A	0.000	0
 7500435201315	DETERGENTE ARIEL  100 GR	$0	$1.800	$0	N/A	0.000	- Sin Departamento -
 7500435201322	DETERGENTE ARIEL 225 G	$0	$3.500	$0	N/A	0.000	0
 7500435149631	DETERGENTE ARIEL REVITA COLOR X 800G	$0	$0	$0	0,00	0.000	0
 7702011156747	DETERGENTE GOLIAT	$0	$3.200	$0	N/A	0.000	0
 7702191163498	DETERGENTE MULTIUSOS 3D 240ML	$0	$3.000	$0	N/A	0.000	0
 7702189055040	DETODITO BBQ 400 G	$0	$16.500	$0	N/A	0.000	0
 7702189059260	DETODITO BBQ BOLSAZA 80 GR	$2.698	$4.500	$0	N/A	0.000	0
 7702189057624	DETODITO BBQ FAMILIAR X 165G	$5.697	$8.000	$0	N/A	0.000	0
 7702189055552	DETODITO EXTRA CONTENID 50G	$1.956	$3.000	$0	N/A	0.000	0
 7702189057648	DETODITO LIMON FAMILIAR X 165G	$5.697	$8.000	$0	N/A	0.000	0
 7702189059819	DETODITO MEGA QUESO  48 GR	$1.811	$2.500	$0	N/A	0.000	- Sin Departamento -
 7702189059284	DETODITO MIX  80 GR	$0	$4.500	$0	N/A	0.000	0
 7702189057631	DETODITO MIX FAMILIAR X 165G	$5.697	$8.000	$0	N/A	0.000	0
 7702189030443	DETODITO NATURAL 400 G	$0	$16.500	$0	N/A	0.000	- Sin Departamento -
 7703133072540	DETODITO PLATANOS  45 GR	$0	$2.600	$0	N/A	0.000	- Sin Departamento -
 7702511002926	DIANA LENTEJAS X460G	$0	$4.500	$0	N/A	0.000	0
 129020626	DOBLE QUESO CREMA COLANTA X 250 G	$0	$0	$0	0,00	0.000	0
 7702521106034	DOG CHOW PURINA ADULTO X 475 G	$0	$5.200	$0	N/A	0.000	0
 7702521942663	DOG CHOW PURINA EXTRA LIFE CACHORRO X 475 G	$0	$5.200	$0	N/A	0.000	0
 7702084850863	DOGOURMET ADULTOS CARNE X 350 G	$0	$3.900	$0	N/A	0.000	0
 7702084850887	DOGOURMET ADULTOS PARRILLA X350G	$0	$3.900	$0	N/A	0.000	0
 7702084051000	DOGOURMET PAVO Y POLLO X350G	$0	$3.900	$0	N/A	0.000	0
 7702084051055	DOGOURMET SALMON Y CARNE X350 G	$0	$3.900	$0	N/A	0.000	0
 7702084850900	DOGOURTMET CACHORROS CARNE Y LECHE X350G	$0	$3.500	$0	N/A	0.000	0
 DOLEXFORTE	DOLEX FORTE	$0	$2.000	$0	N/A	0.000	- Sin Departamento -
 7451079003448	DOLEX GRIPA	$0	$1.500	$0	N/A	0.000	0
 DOLEXGRIPAUNIDAD	DOLEX GRIPA UNIDAD	$0	$1.200	$0	N/A	0.000	- Sin Departamento -
 7702084057156	DONCAT ADULTOS 500G	$5.347	$6.400	$0	N/A	0.000	0
 7702084000138	DONKAN ADULTOS X800G	$0	$6.400	$0	N/A	0.000	0
 7702084000145	DONKAN CACHORROS 800 GR	$0	$6.400	$0	N/A	0.000	- Sin Departamento -
 7702084000008	DONKAN X500 G	$0	$0	$0	0,00	0.000	0
 7702084057125	DONKAT GATICOS X500 G	$0	$6.600	$0	N/A	0.000	0
 7705326080394	DONUTS BIMBO AREQUIPE X70 GR	$0	$3.500	$0	N/A	0.000	0
 7702085012024	DORIA PASTA X250	$0	$2.300	$0	N/A	0.000	- Sin Departamento -
 7702085035054	DORIA SABOR A MANTEQUILLA X250 G	$0	$2.300	$0	N/A	0.000	0
 7702189060006	DORITO BBQ	$0	$2.500	$0	N/A	0.000	- Sin Departamento -
 7702189059642	DORITO BOLZASA MEGA QUESO  80 GR	$2.898	$5.000	$0	N/A	0.000	0
 7702189045782	DORITO MEGA QUESO FAMILIAR X 185G	$0	$8.000	$0	N/A	0.000	0
 7702189053817	DORITO MEGA QUESO X 43G	$0	$2.500	$0	N/A	0.000	0
 7702189053824	DORITOS 68 GR	$0	$0	$0	0,00	0.000	0
 7702189057945	DORITOS DINAMITA 50 G	$0	$3.200	$0	N/A	0.000	0
 7702189057952	DORITOS DINAMITA LIMON T 200G	$0	$8.000	$0	N/A	0.000	- Sin Departamento -
 7702189055835	DORITOS FLAMIN HOT X 41G	$0	$2.500	$0	N/A	0.000	0
 7702189057921	DORITOS FLAMING HOT 50 GR	$2.173	$3.200	$0	N/A	0.000	0
 7702189059208	DORITOS PIZZA 41 GR	$1.594	$2.500	$0	N/A	0.000	0
 7702006400473	DOVE ACONDICICONADOR EN SOBRE	$0	$1.200	$0	N/A	0.000	0
 7702006653084	DOVE ACONDICIONADOR	$0	$1.200	$0	N/A	0.000	- Sin Departamento -
 78931633	DOVE DESODORANTE 30 ML 	$0	$4.500	$0	N/A	0.000	- Sin Departamento -
 7702006653077	DOVE SHAMPOO 18ML	$0	$1.200	$0	N/A	0.000	0
 7702006400480	DOVE SHAMPOO EN SOBRE	$0	$0	$0	0,00	0.000	0
 7702020211024	DOÑA AREPA 500G	$0	$2.700	$0	N/A	0.000	- Sin Departamento -
 7702020211017	DOÑA AREPA BLANCA 500G	$0	$2.500	$0	N/A	0.000	- Sin Departamento -
 DOÑAGUAYABAUNIDADBAR	DOÑA GUAYABA UNIDAD BARY	$0	$1.000	$0	N/A	0.000	- Sin Departamento -
 7702025150977	DUCALES 1 TACO 	$2.541	$3.100	$0	N/A	0.000	0
 7702025139897	DUCALES TC X 2 X 204 G	$5.042	$6.000	$0	N/A	0.000	0
 7702025114009	DUCALES TENTACION 156 G	$0	$6.000	$0	N/A	0.000	- Sin Departamento -
 7702025114023	DUCALES TENTACION X 26 G	$0	$1.200	$0	N/A	0.000	0
 7702025133161	DUCALES X27G	$0	$1.200	$0	N/A	0.000	- Sin Departamento -
 7702025133123	DUCALES X9 	$0	$8.700	$0	N/A	0.000	- Sin Departamento -
 7702025117017	DUCALES  TACO  1 X 120 G	$0	$0	$0	0,00	0.000	0
 7702386010088	DULCE  AROMA  X UNIDAD 	$7.700	$200	$0	N/A	0.000	- Sin Departamento -
 7702011125835	DULCE NUCITA  X 100	$0	$13.200	$0	N/A	0.000	- Sin Departamento -
 DULCES	DULCES 100 UNIDAD	$0	$100	$0	N/A	0.000	- Sin Departamento -
 DULCES300	DULCES 300	$0	$300	$0	N/A	0.000	- Sin Departamento -
 DULCES400	DULCES 400 UNIDAD	$0	$400	$0	N/A	0.000	- Sin Departamento -
 DULCES500 PASTILLAS	DULCES 500 PASTILLAS	$0	$500	$0	N/A	0.000	- Sin Departamento -
 7702011001771	DULCES COFFE DE LIGHT 25 GR	$7.915	$9.500	$0	N/A	0.000	0
 7702011125811	DULCES NUCITA X50 UNIDADES	$0	$6.600	$0	N/A	0.000	0
 DULCES200	DULCES UNIDAD 200	$0	$200	$0	N/A	0.000	- Sin Departamento -
 7702993050651	DULCES YOGGER X100	$0	$9.000	$0	N/A	0.000	0
 DURAFLEXMUSCULARADVA	DURAFLEX MUSCULAR ADVA	$0	$3.000	$0	N/A	0.000	- Sin Departamento -
 7702057091163	DURAFLEX MUSCULAR TQ	$0	$2.900	$0	N/A	0.000	0
 7706667990588	DURAZNO EN ALMIBAR ABURRA X 425 G	$0	$7.800	$0	N/A	0.000	0
 7702025101290	DUX ORIGINAL UNIDAD	$0	$1.200	$0	N/A	0.000	0
 7702025101306	DUX ORIGINAL X 250 GR	$0	$6.400	$0	N/A	0.000	- Sin Departamento -
 7702025151288	DUX QUESO FUNDIDO Y CHIPLOTE	$0	$1.800	$0	N/A	0.000	0
 7702189057938	Doritos Dimamita	$0	$8.000	$0	N/A	0.000	- Sin Departamento -
 7702189059802	Doritos Flamint Hot X 46g	$0	$2.500	$0	N/A	0.000	- Sin Departamento -
 7702189059796	Doritos Pizza	$0	$2.500	$0	N/A	0.000	- Sin Departamento -
 7702025185368	Dux Integral Galletas	$0	$7.200	$0	N/A	0.000	- Sin Departamento -
 7709174732870	ECOVASOS CARIBE 10 OZ	$0	$3.800	$0	N/A	0.000	- Sin Departamento -
 7702006204040	EGO ATRACTION	$0	$2.600	$0	N/A	0.000	- Sin Departamento -
 7702006203760	EGO GEL EXTREME MAX SCH X 80ML	$0	$2.600	$0	N/A	0.000	0
 7702006404853	EGO ULTRA FIJACION 	$0	$2.600	$0	N/A	0.000	- Sin Departamento -
 7702204785525	EL GRAN SABOR  AZIUL X 10 GR	$0	$800	$0	N/A	0.000	- Sin Departamento -
 7702204624138	EL GRAN SABOR  COLOR 25GR	$0	$800	$0	N/A	0.000	0
 7702204551243	EL GRAN SABOR  FLOR JAMAICA X 7 GR	$0	$1.400	$0	N/A	0.000	- Sin Departamento -
 7702204112536	EL GRAN SABOR ABLANDA CARNES	$0	$800	$0	N/A	0.000	0
 7702204123563	EL GRAN SABOR ABODO COMPLETO	$0	$800	$0	N/A	0.000	0
 7702204302258	EL GRAN SABOR ACHIOTE X13GR	$0	$800	$0	N/A	0.000	0
 8702204554236	EL GRAN SABOR AJIACO X 	$0	$800	$0	N/A	0.000	- Sin Departamento -
 7702204345781	EL GRAN SABOR ANIS ESPAÑOL X5GR	$0	$800	$0	N/A	0.000	0
 7702204345774	EL GRAN SABOR ANIS X5GR	$0	$0	$0	0,00	0.000	0
 8802204725411	EL GRAN SABOR ANJOJOLI	$0	$3.800	$0	N/A	0.000	0
 7702204256230	EL GRAN SABOR BICARBONATO 40 GR	$0	$800	$0	N/A	0.000	- Sin Departamento -
 7702204981231	EL GRAN SABOR BICARBONATO 500 GR	$0	$3.500	$0	N/A	0.000	- Sin Departamento -
 7702204661256	EL GRAN SABOR BICARBONATO EXTRA X100GR	$0	$1.400	$0	N/A	0.000	0
 7702204988537	EL GRAN SABOR BICARBONATO X 250 GR	$0	$2.500	$0	N/A	0.000	- Sin Departamento -
 7702204695824	EL GRAN SABOR CALENDULA X4GR	$0	$800	$0	N/A	0.000	0
 7702204373692	EL GRAN SABOR CANELA EXTRA	$0	$1.400	$0	N/A	0.000	0
 7702204469425	EL GRAN SABOR CANELA GRANDE X10G	$0	$2.400	$0	N/A	0.000	0
 7702204315470	EL GRAN SABOR CANELA MOLIDA X4GR	$0	$800	$0	N/A	0.000	0
 7702204347518	EL GRAN SABOR CANELA X4GR	$0	$700	$0	N/A	0.000	0
 7702204469548	EL GRAN SABOR CANELA YUMBO	$0	$3.500	$0	N/A	0.000	0
 7702204457828	EL GRAN SABOR CEBOLLA EN POLVO X6GR	$0	$800	$0	N/A	0.000	0
 7702204894456	EL GRAN SABOR CHIA 7 GR	$0	$3.800	$0	N/A	0.000	- Sin Departamento -
 7702204554237	EL GRAN SABOR CLAVOS DE OLOR	$0	$800	$0	N/A	0.000	0
 7702204858557	EL GRAN SABOR COCO GRANDE  50 GR	$0	$3.300	$0	N/A	0.000	- Sin Departamento -
 7702204656566	EL GRAN SABOR COCO PEQUEÑO X10G	$0	$700	$0	N/A	0.000	0
 7702204477932	EL GRAN SABOR COCO RALLADO X25GR	$0	$0	$0	0,00	0.000	0
 7702204465779	EL GRAN SABOR COLOR EXTRA X90GR	$0	$1.400	$0	N/A	0.000	0
 7702204621175	EL GRAN SABOR COMINO GRANO X8GR	$0	$800	$0	N/A	0.000	0
 7702204668590	EL GRAN SABOR COMINO MOLOIDO	$0	$800	$0	N/A	0.000	- Sin Departamento -
 7702204956895	EL GRAN SABOR CURCUMA X6GR	$0	$800	$0	N/A	0.000	0
 7702204475686	EL GRAN SABOR CURRY X6GR	$0	$800	$0	N/A	0.000	0
 7702204383837	EL GRAN SABOR GRAGUEAS X90GR	$0	$2.000	$0	N/A	0.000	0
 7702204541411	EL GRAN SABOR GUASCA X4GR	$0	$800	$0	N/A	0.000	0
 7702204656573	EL GRAN SABOR HIERBAS FINAS	$0	$800	$0	N/A	0.000	0
 7702204112895	EL GRAN SABOR LAUREL  X6GR	$0	$800	$0	N/A	0.000	0
 7702204401265	EL GRAN SABOR LEVADURA X12GR	$0	$1.400	$0	N/A	0.000	0
 7702204091237	EL GRAN SABOR LINAZA GRANO X125GR	$0	$0	$0	0,00	0.000	0
 7702204342254	EL GRAN SABOR LINAZA XGR15	$0	$800	$0	N/A	0.000	0
 7702204547239	EL GRAN SABOR MANZANILLA X 4 GR	$0	$800	$0	N/A	0.000	- Sin Departamento -
 7702203355798	EL GRAN SABOR MIEL X4PP	$0	$800	$0	N/A	0.000	0
 7702204123464	EL GRAN SABOR MORINGA X10GR	$0	$1.500	$0	N/A	0.000	0
 7702204753340	EL GRAN SABOR OREGANO X6GR	$0	$800	$0	N/A	0.000	0
 7702204547246	EL GRAN SABOR PAPRIKA X5GR	$0	$800	$0	N/A	0.000	0
 7702204321891	EL GRAN SABOR PASAS PEQUEÑAS	$0	$700	$0	N/A	0.000	0
 7702204186216	EL GRAN SABOR PIMIENTA X5GR	$0	$800	$0	N/A	0.000	0
 7702204126328	EL GRAN SABOR POLVO DE HORNEAR	$0	$800	$0	N/A	0.000	0
 7702204123457	EL GRAN SABOR ROMERO X6GR	$0	$700	$0	N/A	0.000	0
 7702204478922	EL GRAN SABOR SAL DE AJO 25 GR	$0	$800	$0	N/A	0.000	0
 7702204100540	EL GRAN SABOR SALIMON 10GR	$0	$800	$0	N/A	0.000	0
 7702204114578	EL GRAN SABOR SAZONATODO  12 GR	$0	$800	$0	N/A	0.000	- Sin Departamento -
 7702204632294	EL GRAN SABOR TOMILLO X6GR	$0	$800	$0	N/A	0.000	0
 7702204321440	EL GRAN SABOR UVAS PASAS X40GR	$0	$1.400	$0	N/A	0.000	0
 7702204635264	EL GRAN SABOR  COMINO EXTRA	$0	$1.400	$0	N/A	0.000	0
 7702204875929	EL GTRAN SABOR PASAS GRANDES 155 GR	$0	$3.300	$0	N/A	0.000	- Sin Departamento -
 7705402816008	EL REY COLOR X5GR	$0	$300	$0	N/A	0.000	0
 7501125176531	ELECTROLIT FRESA KIWI X 625ML	$0	$8.500	$0	N/A	0.000	0
 7501125184864	ELECTROLIT MARACUYA X 625 ML	$0	$8.500	$0	N/A	0.000	0
 7501125184277	ELECTROLIT MORA AZUL X 625ML	$0	$8.500	$0	N/A	0.000	0
 7501125176548	ELECTROLIT UVA X625 ML	$0	$8.500	$0	N/A	0.000	0
 7707199342210	ELITE ROLLO DE PAPEL X1	$0	$1.500	$0	N/A	0.000	0
 7759185397278	ELITE SERVILLETA X 100	$0	$2.000	$0	N/A	0.000	0
 7702108000014	ELLAS NOCTURNA +ELLAS DELGADAS	$0	$6.500	$0	N/A	0.000	- Sin Departamento -
 7700618060177	ENSALA DE ATUN ALAMAR 160GR	$5.550	$7.800	$0	N/A	0.000	- Sin Departamento -
 7700618020638	ENSALADA ATUN ALAMAR X 160 G	$0	$7.800	$0	N/A	0.000	0
 7706667990076	ENSALADA LEGUMBRES ABURRA 300G	$0	$0	$0	0,00	0.000	0
 7701101233368	ENSALADA ZENU VEG X 300 G	$0	$5.200	$0	N/A	0.000	0
 ESCOBA	ESCOBA 	$0	$9.700	$0	N/A	0.000	- Sin Departamento -
 ESCOBALIMPIAJUNTASCO	ESCOBA LIMPIA JUNTAS COHECHIZADAS	$0	$6.200	$0	N/A	0.000	- Sin Departamento -
 ESCOBASUAVE	ESCOBA SUAVE	$0	$6.400	$0	N/A	0.000	- Sin Departamento -
 ESCOBATIEZA	ESCOBA TIEZA	$0	$6.200	$0	N/A	0.000	- Sin Departamento -
 7707355511689	ESENCIA COCO  X 60CC	$0	$0	$0	0,00	0.000	0
 7702439006235	ESENCIA DE VAINILLA FRASCO X 165	$0	$3.800	$0	N/A	0.000	0
 7706667990885	ESENCIA DE VAINILLA  X165ML	$0	$2.900	$0	N/A	0.000	0
 HTTPSÑ--WWW.TODOSPOR	ESPAGUETI DORIA X 250 TRADICIONAL	$0	$2.300	$0	N/A	0.000	0
 ESPONJABRILLO	ESPONJA DE BRILLO	$0	$400	$0	N/A	0.000	- Sin Departamento -
 7709848692462	ESPONJA DOBLE USO	$0	$1.000	$0	N/A	0.000	0
 7702535009901	ESPONJA JAMAIKA	$0	$2.000	$0	N/A	0.000	0
 7592271000511	ESPONJA LA IDEAL PARA TODO	$0	$1.000	$0	N/A	0.000	- Sin Departamento -
 799192211607	ESPONJA ORO PLATA	$0	$1.500	$0	N/A	0.000	- Sin Departamento -
 7702535009864	ESPONJA ORO PLATA	$0	$2.000	$0	N/A	0.000	- Sin Departamento -
 7709126248206	ESPONJA ORO PLATA POWER	$0	$2.000	$0	N/A	0.000	0
 7702535009840	ESPONJAS JAMAICA	$0	$2.000	$0	N/A	0.000	0
 7702535009833	ESPONJAS JAMAIKA MALLA X 2	$0	$1.700	$0	N/A	0.000	- Sin Departamento -
 7501125176500	Electrolic 	$0	$8.500	$0	N/A	0.000	- Sin Departamento -
 7702191164280	FAB ULTRA FLASH X450 G	$0	$6.000	$0	N/A	0.000	0
 7702191164303	FAB ULTRA FLASH X800 G	$0	$0	$0	0,00	0.000	0
 7702191164402	FAB ULTRA FLASH  X450G	$0	$6.000	$0	N/A	0.000	0
 7702191164273	FAB ULTRA FLASH   X225G	$0	$3.000	$0	N/A	0.000	0
 7702191452141	FAB ULTRAB FLASH 700GR	$0	$9.500	$0	N/A	0.000	- Sin Departamento -
 7702191164266	FAB ULTRAFLASH  X100G	$0	$1.600	$0	N/A	0.000	0
 7509546683690	FABULOSO ALTERNATIVA AL CLORO X180ML	$0	$1.800	$0	N/A	0.000	0
 7509546670393	FABULOSO AZUL 1 LITRO	$0	$0	$0	0,00	0.000	0
 7509546688787	FABULOSO ENERGIA NARANJA X500ML	$0	$5.000	$0	N/A	0.000	0
 7509546683270	FABULOSO FLORAL ROSA X180 ML	$0	$1.800	$0	N/A	0.000	0
 7509546683287	FABULOSO FLORAL X 180ML	$0	$1.800	$0	N/A	0.000	0
 7509546683324	FABULOSO LAVANDA 180 ML	$0	$1.800	$0	N/A	0.000	0
 7509546655802	FABULOSO LAVANDA 720ML	$0	$8.500	$0	N/A	0.000	0
 7509546688756	FABULOSO NARANJA 180ML	$0	$1.800	$0	N/A	0.000	0
 7509546683263	FABULOSO ULTRA FRESCURA MORADO X180ML	$0	$1.800	$0	N/A	0.000	- Sin Departamento -
 7702010225147	FABULOSO ULTRA FRESCURA MORADO X500ML	$0	$5.000	$0	N/A	0.000	0
 7509546682167	FABULOSO ULTRA FRESCURA Violeta X500ML	$0	$5.000	$0	N/A	0.000	- Sin Departamento -
 7702010225222	FABULOSO ULTRA FRESCURA X500ML	$0	$5.000	$0	N/A	0.000	0
 7702026147488	FAMILIA ACOLCHAMAX MEGAROLLO  4 ROLLOS	$0	$9.200	$0	N/A	0.000	- Sin Departamento -
 7702026185862	FAMILIA DESINFECTANTE X40ML	$0	$0	$0	0,00	0.000	0
 7702026148515	FAMILIA EXPERT 4 HOJAS	$2.191	$3.000	$0	N/A	0.000	0
 7702026147471	FAMILIA MEGA	$0	$2.500	$0	N/A	0.000	0
 7702026154967	FAMILIA PAQUETE DE ROLLO DE PAPEL	$0	$11.000	$0	N/A	0.000	0
 7702026154264	FAMILIA ROLLO DE SERVILLETA X44UNI	$0	$3.900	$0	N/A	0.000	0
 6970066650744	FAST ADAPTER 3.4	$0	$19.000	$0	N/A	0.000	- Sin Departamento -
 7707355512167	FCEREFRUT MAIZ DULCE 170ML	$0	$2.800	$0	N/A	0.000	0
 7709416263933	FESTA ESPONJILLA ACERO INOX  	$0	$2.000	$0	N/A	0.000	- Sin Departamento -
 FESTINPASABOCASLIMON	FESTIN PASABOCAS LIMON 15 GR	$0	$600	$0	N/A	0.000	- Sin Departamento -
 7702025151486	FESTIVAL METEORITO	$0	$1.200	$0	N/A	0.000	- Sin Departamento -
 7702025142033	FESTIVAL RECREO 	$0	$1.300	$0	N/A	0.000	- Sin Departamento -
 7702085012062	FIDEOS DORIA X250	$0	$2.200	$0	N/A	0.000	- Sin Departamento -
 7702914603331	FIESTOS NACHOS - NATURAL - RAMO 190 GR	$0	$9.500	$0	N/A	0.000	0
 7702914603348	FIESTOS NACHOS QUESO - RAMO 190 GR	$0	$8.500	$0	N/A	0.000	0
 7707195160016	FILETE DE ALBONDIGON JAF X 500 GR	$0	$8.400	$0	N/A	0.000	0
 8410525200182	FINI ROLLER FIZZ	$0	$1.500	$0	N/A	0.000	0
 7591039505954	FLIPS DULCE DE LECHE 28GR	$0	$1.800	$0	N/A	0.000	- Sin Departamento -
 7707200710342	FLIPS X120G	$4.300	$5.200	$0	N/A	0.000	0
 7702560050008	FLUO CARDENT 22ML DUO	$0	$4.000	$0	N/A	0.000	- Sin Departamento -
 7702560042010	FLUO CARDENT TRIPLE ACCION X50ML	$0	$0	$0	0,00	0.000	0
 FORSTCV32	FORST CV 32	$0	$13.000	$0	N/A	0.000	- Sin Departamento -
 FORSTCV42	FORST CV 42	$0	$13.000	$0	N/A	0.000	- Sin Departamento -
 FORSTCV43	FORST CV 43	$0	$13.000	$0	0,00	0.000	- Sin Departamento -
 FORSTCV51	FORST CV 51	$0	$13.000	$0	N/A	0.000	- Sin Departamento -
 7707344636003	FOSFORITOS JC 300G	$0	$6.000	$0	N/A	0.000	0
 FOSFOROSELREY	FOSFOROS EL REY	$0	$500	$0	N/A	0.000	- Sin Departamento -
 849806002319	FOUR  MLLOCO BLUE 473	$0	$16.500	$0	N/A	0.000	- Sin Departamento -
 849806001855	FOUR LOKO GREEN APPLE X 473 ML	$0	$16.500	$0	N/A	0.000	0
 849806004993	FOUR LOKO LULO X 473 ML	$0	$16.500	$0	N/A	0.000	- Sin Departamento -
 849806001220	FOUR LOKO PONCHE DE FRUTAS X 473 ML	$0	$16.500	$0	N/A	0.000	0
 849806002746	FOUR LOKO PURPLE X 473 ML	$0	$16.500	$0	N/A	0.000	0
 849806001206	FOUR LOKO SANDIA X 473 ML	$0	$0	$0	0,00	0.000	0
 7706667016608	FRIJOL ABURRA  X 460	$0	$8.400	$0	N/A	0.000	- Sin Departamento -
 7701101356722	FRIJOL ANTIOQUEÑOS X 580	$0	$13.700	$0	N/A	0.000	0
 7706667003011	FRIJOL BLANQUITO ABURRA X500G	$0	$0	$0	0,00	0.000	0
 7706667011030	FRIJOL CARAOTA ABURRA X460G	$0	$4.600	$0	N/A	0.000	0
 7706667015601	FRIJOL CARGAMANTO ROJO ABURRA X460G	$0	$7.000	$0	N/A	0.000	0
 7706667017209	FRIJOL CARGAMANTO ROJO ABURRA X500G	$0	$0	$0	0,00	0.000	0
 7706667014604	FRIJOL LIMA ABURRA X460G	$0	$5.600	$0	N/A	0.000	0
 7706667990106	FRIJOLES ABURRA  X 300G	$0	$6.400	$0	N/A	0.000	0
 7706667990113	FRIJOLES ABURRA  X 580G	$0	$8.800	$0	N/A	0.000	0
 7701101356715	FRIJOLES ANTIOQUEÑOS  X310	$0	$9.000	$0	N/A	0.000	0
 7702511003244	FRIJOLES DIANA  X460G	$0	$6.800	$0	N/A	0.000	0
 7702189040534	FRITOLAY MANI CON PASAS 200 G	$0	$0	$0	0,00	0.000	0
 7702189040565	FRITOLAY MANI SALADO 200G	$0	$0	$0	0,00	0.000	0
 7702189042712	FRITOLAY MEZCLA MAIZ - ARAND. 40G	$0	$2.800	$0	N/A	0.000	0
 7702103833709	FROOT LOOPS 90 GR	$0	$5.800	$0	N/A	0.000	- Sin Departamento -
 7702210001121	FROTEX CREMA  250 GR	$0	$9.900	$0	N/A	0.000	- Sin Departamento -
 7.70209007301077E19	FROTEX MULTIUSOS X250 GR	$0	$0	$0	0,00	0.000	0
 7702047038758	FRUCO MAYONESA X 190G	$0	$7.100	$0	N/A	0.000	0
 7702047016824	FRUCO ROSADA 180G	$0	$9.600	$0	N/A	0.000	0
 7702047041239	FRUCO ROSADA X80G	$0	$2.700	$0	N/A	0.000	0
 7702047041277	FRUCO SALSA BBQ X80GR	$0	$2.700	$0	N/A	0.000	0
 7702047141021	FRUCO TOMATE	$0	$1.800	$0	N/A	0.000	- Sin Departamento -
 7702047038765	FRUCO TOMATE X 190G	$0	$7.100	$0	N/A	0.000	0
 FRUNAS	FRUNAS	$0	$500	$0	N/A	0.000	- Sin Departamento -
 7702174087582	FRUNAS 	$0	$7.500	$0	N/A	0.000	- Sin Departamento -
 7702174086080	FRUNAS DOBLE COLOR X100 UN	$0	$11.200	$0	N/A	0.000	0
 7702354955830	FRUTIÑO	$0	$1.000	$0	N/A	0.000	- Sin Departamento -
 7702354955984	FRUTIÑO FRESA SANDIA  X 10 GR	$0	$1.000	$0	N/A	0.000	- Sin Departamento -
 7702354955946	FRUTIÑO FRUTOS ROJOS 	$0	$1.000	$0	N/A	0.000	- Sin Departamento -
 7702354957988	FRUTIÑO GUANABANA X10 GR	$0	$1.000	$0	N/A	0.000	- Sin Departamento -
 7702354955908	FRUTIÑO LIMONADA X 10 GR	$0	$1.000	$0	N/A	0.000	- Sin Departamento -
 7702354955922	FRUTIÑO LULO X 10 GR	$0	$1.000	$0	N/A	0.000	- Sin Departamento -
 7702354955915	FRUTIÑO MANGO DE AZUCAR X10 GR	$0	$1.000	$0	N/A	0.000	- Sin Departamento -
 7702354955878	FRUTIÑO MARACUYA X10 GR	$0	$1.000	$0	N/A	0.000	- Sin Departamento -
 7702354955861	FRUTIÑO NARANJA X 10 GR	$0	$1.000	$0	N/A	0.000	- Sin Departamento -
 7702354955953	FRUTIÑO PANELA LIMON X 10 GR	$0	$1.000	$0	N/A	0.000	- Sin Departamento -
 7702354955847	FRUTIÑO SALPICON X 10 GR	$0	$1.000	$0	N/A	0.000	- Sin Departamento -
 7702354955991	FRUTIÑO TAMARINDO X 10 GR	$0	$1.000	$0	N/A	0.000	- Sin Departamento -
 7702354955885	FRUTIÑO UVA  X 10 GR 	$0	$1.000	$0	N/A	0.000	- Sin Departamento -
 7702354955892	FRUTIÑPO MORA DULCE X 10 GR	$0	$1.000	$0	N/A	0.000	- Sin Departamento -
 7702001113101	FRUTO DURAZNO NECTAR 300G	$0	$2.900	$0	N/A	0.000	- Sin Departamento -
 7702001113088	FRUTTO MANZ BOT 300ML	$0	$2.900	$0	N/A	0.000	0
 7702001113095	FRUTTTO PERA BOT 300ML	$0	$2.900	$0	N/A	0.000	0
 7702025151981	Festival Limon X 8	$0	$1.500	$0	N/A	0.000	- Sin Departamento -
 7702025151967	Festival Vainilla X8	$0	$1.500	$0	N/A	0.000	- Sin Departamento -
 8410525127465	Finny Roller	$0	$1.500	$0	N/A	0.000	- Sin Departamento -
 7702354955960	Frutiño	$0	$1.000	$0	N/A	0.000	- Sin Departamento -
 7707310994052	GALA CON ZANAHORIA X70 GR PAN DE ABIL	$0	$2.000	$0	N/A	0.000	0
 7702914590563	GALA RAMO CEBRA	$0	$0	$0	0,00	0.000	0
 7702914597975	GALA RAMO NATURAL 60 GR	$0	$2.000	$0	N/A	0.000	- Sin Departamento -
 7702914597951	GALA TAJADA CHOCOLATE RAMO X 60G	$0	$2.000	$0	N/A	0.000	0
 7702914597968	GALA TAJADA COCO RAMO X 60G	$0	$2.000	$0	N/A	0.000	0
 7702914597982	GALA TAJADA VAINILLA RAMO X 60G	$0	$2.000	$0	N/A	0.000	0
 7707290710970	GALLETA ALFAJOR CASERITAS 35 GR	$0	$2.400	$0	N/A	0.000	0
 7702402058841	GALLETA AREQUIPE	$0	$3.500	$0	N/A	0.000	0
 7707290711229	GALLETA BISCOTTO LAS CASERITAS MERM. ROJOS  50 G	$0	$2.400	$0	N/A	0.000	0
 7702024283973	GALLETA COCOSETTE X 46 G	$0	$2.200	$0	N/A	0.000	0
 7702402058834	GALLETA CON HELADO  VAINILLA 	$0	$3.500	$0	N/A	0.000	- Sin Departamento -
 77087799	GALLETA DE LECHE	$0	$0	$0	0,00	0.000	0
 GALLETADULCECAERITA	GALLETA DULCE CACERITA	$0	$300	$0	N/A	0.000	- Sin Departamento -
 GALLETAFIGURASCACERI	GALLETA FIGURAS CACERITAS	$0	$300	$0	N/A	0.000	- Sin Departamento -
 7702402059138	GALLETA JUMBO	$0	$4.000	$0	N/A	0.000	0
 7702189058003	GALLETA MAMUT X 11 G	$0	$700	$0	N/A	0.000	0
 7702011200259	GALLETA MANTEQUILLA MUUU 	$0	$700	$0	N/A	0.000	- Sin Departamento -
 GALLETAMASCOTASNACKS	GALLETA MASCOTA SNACKS UNI	$0	$200	$0	N/A	0.000	- Sin Departamento -
 7702024064473	GALLETA MILO X6	$0	$1.500	$0	N/A	0.000	0
 7702402058858	GALLETA NAPOLITANO	$0	$3.500	$0	N/A	0.000	0
 7622201693213	GALLETA OREO X 108 GR	$0	$3.000	$0	N/A	0.000	- Sin Departamento -
 7590011251100	GALLETA OREO X4 36G	$0	$1.200	$0	N/A	0.000	0
 7707290710956	GALLETA PERA LAS CASER. 80 G	$0	$2.400	$0	N/A	0.000	0
 7702025132652	GALLETA SALTIN X 6 TACOS	$8.330	$8.900	$0	N/A	0.000	- Sin Departamento -
 7702025104741	GALLETA SULTANA 220 GR	$0	$7.500	$0	N/A	0.000	0
 7702402056304	GALLETA VAINILLA PASAS	$0	$0	$0	0,00	0.000	0
 7702011203311	GALLETAS DIPZ	$0	$500	$0	N/A	0.000	- Sin Departamento -
 WWW.DUCALES.COM.CO	GALLETAS DUCAL X3 TC	$7.652	$12.200	$0	N/A	0.000	0
 7702189039484	GALLETAS DULCE NAVIDAD MANTEQ. 180G	$0	$0	$0	0,00	0.000	0
 7702189057327	GALLETAS DULCE NAVIDAD SABOR MANTEQUILLA 300 GR	$0	$0	$0	0,00	0.000	0
 7702025185375	GALLETAS DUX INTEGRAL UNIDAD	$0	$1.200	$0	N/A	0.000	0
 7702025150854	GALLETAS DUX X 52 G	$0	$2.000	$0	N/A	0.000	0
 7702025136759	GALLETAS FESTIVAL CHOCOLATE X 50 G	$0	$1.500	$0	N/A	0.000	0
 7702025136773	GALLETAS FESTIVAL FRESA X 50 G	$0	$1.500	$0	N/A	0.000	0
 7702025136797	GALLETAS FESTIVAL LIMON X 50 G	$0	$1.500	$0	N/A	0.000	0
 7702025136735	GALLETAS FESTIVAL VAINILLA X 50 G	$0	$1.500	$0	N/A	0.000	0
 7750243031448	GALLETAS GLACITAS FRESA	$0	$1.200	$0	N/A	0.000	- Sin Departamento -
 7750243016070	GALLETAS GLACITAS LIMON 	$0	$1.200	$0	N/A	0.000	- Sin Departamento -
 GALLETASLIMONCITAS	GALLETAS LIMONCITAS	$0	$600	$0	N/A	0.000	- Sin Departamento -
 7702011200181	GALLETAS MANTTEQUILLA MUU	$0	$700	$0	N/A	0.000	- Sin Departamento -
 7702993047064	GALLETAS MUAU POLLO 12 GR	$0	$1.000	$0	N/A	0.000	0
 7702011202253	GALLETAS NAVIDEÑAS COLOMBINA 200 GR	$0	$8.500	$0	N/A	0.000	- Sin Departamento -
 7702025186464	GALLETAS NOEL WAFERS VAINILLA X 24 G	$0	$1.200	$0	N/A	0.000	0
 7702025113217	GALLETAS NOEL X15.3G	$0	$700	$0	N/A	0.000	0
 7702133009037	GALLETAS OREO X 54 G	$0	$1.500	$0	N/A	0.000	0
 7701036003586	GALLETAS PARA PERRO - SNACKS	$0	$0	$0	0,00	0.000	0
 7.62220139011276E19	GALLETAS RITZ ROLLO	$0	$0	$0	0,00	0.000	0
 7702993047149	GALLETAS WUAU 20GR	$0	$1.000	$0	N/A	0.000	0
 7702993053027	GALLETAS WUAU CERDOP 20 GR	$0	$1.000	$0	N/A	0.000	0
 7702993052402	GALLETAS  MUAU	$0	$1.000	$0	N/A	0.000	0
 7702914604550	GANSITO MORA AREQUIPE	$0	$0	$0	0,00	0.000	0
 7702914115209	GANSITO RAMO X37 G	$0	$1.900	$0	N/A	0.000	0
 7706667006012	GARBANZO ABURRA X500G	$3.650	$4.400	$0	N/A	0.000	0
 7707151700515	GASEOSA  COLOMBIANA X 1.5	$0	$5.000	$0	N/A	0.000	- Sin Departamento -
 7702535005903	GASEOSA  QUATRO  X 3 LT	$0	$9.600	$0	N/A	0.000	- Sin Departamento -
 7702090048193	GASEOSA 7UP POSTOBON X 1L	$0	$6.000	$0	N/A	0.000	0
 7702090020502	GASEOSA BRETAÑA X 2.5 L	$0	$6.000	$0	N/A	0.000	0
 7702090032635	GASEOSA COLOMBIANA POSTOBON  COLOMBIANA X 250 ML	$0	$1.700	$0	N/A	0.000	0
 7702090029505	GASEOSA COLOMBIANA POSTOBON X 1.5L	$0	$5.000	$0	N/A	0.000	0
 7702090036930	GASEOSA COLOMBIANA POSTOBON X 1L	$0	$3.500	$0	N/A	0.000	0
 7702090016413	GASEOSA COLOMBIANA POSTOBON X 2.5 L	$0	$6.000	$0	N/A	0.000	0
 7702090022766	GASEOSA COLOMBIANA POSTOBON X 3.125 L	$0	$8.500	$0	N/A	0.000	0
 7702090032017	GASEOSA COLOMBIANA POSTOBON X 400ML	$0	$2.500	$0	N/A	0.000	0
 77093615	GASEOSA CUATRO X250ML	$0	$2.000	$0	N/A	0.000	0
 7702090036923	GASEOSA MANZANA POSTOBON X 1L	$0	$3.500	$0	N/A	0.000	0
 7702090016406	GASEOSA MANZANA POSTOBON X 2.5 L	$0	$6.000	$0	N/A	0.000	0
 7702090022728	GASEOSA MANZANA POSTOBON X 3.125 L	$0	$8.500	$0	N/A	0.000	0
 7702090031928	GASEOSA MANZANA POSTOBON X 400ML	$0	$2.500	$0	N/A	0.000	0
 7702090032604	GASEOSA MANZANA  POSTOBON X 250 ML	$0	$1.500	$0	N/A	0.000	0
 7702090029529	GASEOSA NARANJA POSTOBON X 1.5L	$0	$0	$0	0,00	0.000	0
 7702090069471	GASEOSA NARANJA POSTOBON X 1L	$0	$3.500	$0	N/A	0.000	0
 7702090042146	GASEOSA NARANJA POSTOBON X 250 ML	$0	$1.500	$0	N/A	0.000	0
 7702090031935	GASEOSA NARANJA POSTOBON X 400ML	$0	$2.500	$0	N/A	0.000	0
 7702192282983	GASEOSA PEPSI 1.5 ML	$0	$5.000	$0	N/A	0.000	- Sin Departamento -
 7702090044942	GASEOSA PEPSI POSTOBON X 1L	$0	$0	$0	0,00	0.000	0
 7702192107675	GASEOSA PEPSI POSTOBON X 2.5L	$0	$6.000	$0	N/A	0.000	0
 7702192829669	GASEOSA PEPSI POSTOBON X 250 ML	$0	$0	$0	0,00	0.000	0
 7702192741749	GASEOSA PEPSI POSTOBON X 400ML	$0	$2.500	$0	N/A	0.000	0
 7702192053347	GASEOSA PEPSI X250ML	$0	$1.500	$0	N/A	0.000	0
 7702535011768	GASEOSA PREMIO X 1.5L	$0	$6.000	$0	N/A	0.000	0
 7702535011706	GASEOSA QUATRO X 1.5L	$0	$6.000	$0	N/A	0.000	0
 7702535012079	GASEOSA QUATRO X 400ML	$0	$3.000	$0	N/A	0.000	0
 7702535010280	GASEOSA SCHWEPPES SODA X 400 ML	$0	$3.000	$0	N/A	0.000	0
 7702535011713	GASEOSA SPRIT X 1.5LT	$0	$6.000	$0	N/A	0.000	0
 7702535012086	GASEOSA SPRIT X 400ML	$0	$3.000	$0	N/A	0.000	0
 7702090042177	GASEOSA TAMARINDO  POSTOBON X 250 ML	$0	$1.500	$0	N/A	0.000	0
 7702090000863	GASEOSA TORONJA POSTOBON X 1L	$0	$0	$0	0,00	0.000	0
 7702090029550	GASEOSA UVA POSTOBON X 1.5L	$0	$5.000	$0	N/A	0.000	0
 7702090066548	GASEOSA UVA POSTOBON X 1L	$0	$3.500	$0	N/A	0.000	0
 7702090042139	GASEOSA UVA POSTOBON X 250ML	$0	$1.500	$0	N/A	0.000	0
 7702090022759	GASEOSA UVA POSTOBON X 3.125 L	$0	$0	$0	0,00	0.000	0
 7702090031942	GASEOSA UVA POSTOBON X 400ML	$0	$2.500	$0	N/A	0.000	0
 7702057803278	GASTROFAST ADVANCE	$0	$3.300	$0	N/A	0.000	0
 GASTROFASTADVANCEUNI	GASTROFAST ADVANCE UNIDAD	$0	$3.300	$0	N/A	0.000	- Sin Departamento -
 7702870071854	GASTRUM 10 ML	$0	$0	$0	0,00	0.000	0
 77025388	GASTRUM PLUX	$0	$2.500	$0	N/A	0.000	- Sin Departamento -
 7702192736455	GATORADE BLUE ICE X 500 ML	$0	$5.000	$0	N/A	0.000	0
 7702192422051	GATORADE FRUTOS TROPICALES X 500 ML	$0	$5.000	$0	N/A	0.000	0
 7702192218050	GATORADE MANDARINA X 500 ML	$0	$5.000	$0	N/A	0.000	0
 7702192224051	GATORADE MARACUYA X 500 ML	$0	$5.000	$0	N/A	0.000	0
 7702192046561	GATORLIT FRESA KIWI ELECTROLITOS 620 ML	$0	$4.000	$0	N/A	0.000	- Sin Departamento -
 7702354955250	GELATINA 	$0	$2.000	$0	N/A	0.000	- Sin Departamento -
 7702354958558	GELATINA  MARACUMANGO X 14 GR	$0	$2.000	$0	N/A	0.000	- Sin Departamento -
 7707331407241	GELATINA ALKERIA 90G	$0	$0	$0	0,00	0.000	0
 7707331406541	GELATINA ALQUERIA CEREZA 90G	$0	$1.500	$0	N/A	0.000	0
 7707331406558	GELATINA ALQUERIA NARANJA  90G	$0	$1.500	$0	N/A	0.000	0
 7702001116966	GELATINA BOGGY CEREZA X 108 GR	$0	$2.100	$0	N/A	0.000	- Sin Departamento -
 7702001116973	GELATINA BOGGY FRESA X108G	$0	$2.100	$0	N/A	0.000	- Sin Departamento -
 7702001116980	GELATINA BOGGY MORA 108G	$0	$2.100	$0	N/A	0.000	- Sin Departamento -
 7702354955229	GELATINA FRUTIÑO FRESA  X 14 GR	$0	$2.000	$0	N/A	0.000	- Sin Departamento -
 7702354954352	GELATINA FRUTIÑO FRESA SANDIA X 14 GR	$0	$2.000	$0	N/A	0.000	- Sin Departamento -
 7702354955243	GELATINA FRUTIÑO LIMON X 14 GR	$0	$2.000	$0	N/A	0.000	- Sin Departamento -
 7702354955212	GELATINA FRUTIÑO MAGO AZUCAR  X 14 GR	$0	$2.000	$0	N/A	0.000	- Sin Departamento -
 7702354955281	GELATINA FRUTIÑO MORA DULCE X 14 GR	$0	$2.000	$0	N/A	0.000	- Sin Departamento -
 7702354955267	GELATINA FRUTIÑO PIÑA  X 14 GR	$0	$2.000	$0	N/A	0.000	- Sin Departamento -
 7702354413002	GELATINA FRUTIÑO S SABOR X 14 GR	$0	$2.000	$0	N/A	0.000	- Sin Departamento -
 7702014603385	GELATINA GELHADA CEREZA X35G	$0	$0	$0	0,00	0.000	0
 7702014921991	GELATINA GELHADA FRAMBUESA X 35G	$0	$0	$0	0,00	0.000	0
 7702014137026	GELATINA GELHADA FRESA X 35G	$0	$0	$0	0,00	0.000	0
 7702014457209	GELATINA GELHADA LIMON  X 35 G	$0	$0	$0	0,00	0.000	0
 7702014501315	GELHADA SIN SABOR 30G	$0	$0	$0	0,00	0.000	0
 7500435154420	GILLETTE 2 HOJA	$0	$3.800	$0	N/A	0.000	0
 7500435161251	GILLETTE PRESTOBARBA 2 UNI	$0	$0	$0	0,00	0.000	0
 7702018072439	GILLETTE VENUS SUAVE ALOEVERA	$0	$3.600	$0	N/A	0.000	- Sin Departamento -
 7702007085112	GLINA DRACULA BARRA X 42G	$0	$3.200	$0	N/A	0.000	0
 7702007084634	GLINA JET BIGWAFERMITIBLA X 72 G	$0	$0	$0	0,00	0.000	0
 7702007080742	GLINA JUMBO MANI X 90 G	$0	$8.400	$0	N/A	0.000	0
 7702007224023	GLINA WAFER JET VAINILLA X 22 G	$0	$1.600	$0	N/A	0.000	0
 7702007080599	GOL CHOCOLATE X 28 G	$0	$1.500	$0	N/A	0.000	0
 849806001756	GOLD FOUR LOKO	$0	$16.000	$0	N/A	0.000	- Sin Departamento -
 7702011165350	GOLIAT LAVALOZA LIQUIDO	$0	$3.000	$0	N/A	0.000	0
 7702007082029	GOLOCHIPS  X 20	$0	$1.500	$0	N/A	0.000	- Sin Departamento -
 7709931013150	GOLOSA LA 696 80 GR	$0	$2.600	$0	N/A	0.000	- Sin Departamento -
 7705326018045	GOLOSIA MAMA INES 2 PORC. 90 G	$0	$2.600	$0	N/A	0.000	0
 7702788202005	GOLOSSIN JUANCHO PAN	$1.166	$1.500	$0	N/A	0.000	- Sin Departamento -
 7703133072571	GOLPE CON TODO ORIG. 45 G	$0	$0	$0	0,00	0.000	0
 7703133014410	GOLPE CON TODO ORIGINAL	$0	$2.600	$0	N/A	0.000	0
 7703133073509	GOLPE CON TODO RANCHERO	$0	$5.900	$0	N/A	0.000	- Sin Departamento -
 7703133013468	GOLPE RANCHERO X50G	$0	$2.600	$0	N/A	0.000	0
 7703888091124	GOMA DE MASCAR BARBIE AZUL Y ROSA X 22 G	$0	$0	$0	0,00	0.000	0
 7702174083188	GOMAS TROLLI ANA Y CONDA	$0	$1.600	$0	N/A	0.000	0
 7702174083119	GOMAS TROLLI ANILLOS	$0	$1.600	$0	N/A	0.000	0
 7702174083171	GOMAS TROLLI BANANAS	$0	$1.600	$0	N/A	0.000	0
 7702174083133	GOMAS TROLLI MORDISCOS	$0	$1.600	$0	N/A	0.000	0
 7702993053935	GOMITAS AROS TRULULU	$2.250	$2.700	$0	N/A	0.000	0
 7702011155399	GOMITAS BOMBOMBUM	$0	$1.600	$0	N/A	0.000	0
 7702993053133	GOMITAS FRESITAS TRULULU	$0	$2.700	$0	N/A	0.000	0
 7702011164674	GOMITAS GRISSLY AROS ACIDOS	$0	$1.800	$0	N/A	0.000	0
 7702011155290	GOMITAS GRISSLY CLASICA	$0	$1.800	$0	N/A	0.000	0
 7702011155245	GOMITAS GRISSLY COCODRILO X40G	$0	$0	$0	0,00	0.000	0
 7702011155306	GOMITAS GRISSLY CORAZON	$0	$1.800	$0	N/A	0.000	0
 7702011155320	GOMITAS GRISSLY DELFIN	$0	$1.800	$0	N/A	0.000	- Sin Departamento -
 7702011155337	GOMITAS GRISSLY MUNDO MARINO	$0	$1.800	$0	N/A	0.000	0
 7702011155344	GOMITAS GRISSLY OSOS	$0	$1.800	$0	N/A	0.000	0
 7702011155351	GOMITAS GRISSLY SANDIA	$0	$1.800	$0	N/A	0.000	0
 7702011161864	GOMITAS GRISSLY TOM Y JERRY	$0	$1.800	$0	N/A	0.000	0
 7702011155252	GOMITAS GRISSLY X40G	$0	$1.500	$0	N/A	0.000	0
 7702993053126	GOMITAS GUSANOS TRULULU	$0	$2.700	$0	N/A	0.000	0
 7702993054581	GOMITAS NANOS TRULULU	$0	$2.700	$0	N/A	0.000	0
 7702993053270	GOMITAS SABORES TRULULU	$0	$2.700	$0	N/A	0.000	0
 7702174085823	GOMITAS TROLLI MANGO BICHE	$0	$2.700	$0	N/A	0.000	- Sin Departamento -
 7702174087773	GOMITAS TROOLI ANAYCONDA	$0	$2.700	$0	N/A	0.000	- Sin Departamento -
 7702993051801	GOMITAS TRULULU AROS	$0	$1.800	$0	N/A	0.000	0
 7702993051740	GOMITAS TRULULU FEROZ	$0	$1.800	$0	N/A	0.000	0
 7702993051726	GOMITAS TRULULU FRESITAS	$0	$1.800	$0	N/A	0.000	0
 7702993051733	GOMITAS TRULULU GUSANOS	$0	$1.800	$0	N/A	0.000	0
 7702993051825	GOMITAS TRULULU LENGUAS	$0	$1.800	$0	N/A	0.000	0
 7702993051771	GOMITAS TRULULU ORO	$0	$1.800	$0	N/A	0.000	0
 7702993051757	GOMITAS TRULULU SABORES	$0	$1.800	$0	N/A	0.000	0
 7702993051887	GOMITAS TRULULU SPLASH	$0	$1.800	$0	N/A	0.000	0
 4891199034442	GP ULTRA	$0	$0	$0	0,00	0.000	0
 766871804412	GRAN CEREAL PASABOCAS SURTIDOS X100GR	$0	$0	$0	0,00	0.000	0
 766871804436	GRAN CEREAL PASABOCAS SURTIDOS X200GR	$0	$0	$0	0,00	0.000	0
 766871804443	GRAN CEREAL PASABOCAS SURTIDOS X400GR	$0	$0	$0	0,00	0.000	0
 9981201035019	GRAN SABOR AJO EN POLVO 15 GR	$0	$800	$0	N/A	0.000	- Sin Departamento -
 7702204967846	GRAN SABOR JENGIBRE 6 GR	$0	$800	$0	N/A	0.000	- Sin Departamento -
 7702204223652	GRAN SABOR NUEZ MOSCADA 4 GR	$0	$1.300	$0	N/A	0.000	- Sin Departamento -
 766871804337	GRANOLA COCO X300G	$0	$8.000	$0	N/A	0.000	0
 7702005602465	GREEN LIGHT	$0	$0	$0	0,00	0.000	0
 7702005602496	GREEN LIGHT	$0	$0	$0	0,00	0.000	0
 7702011165411	GRISSLY	$0	$1.800	$0	N/A	0.000	- Sin Departamento -
 7702011141293	GRISSLY 72G	$0	$2.000	$0	N/A	0.000	- Sin Departamento -
 7702011155269	GRISY TIBURON 	$0	$1.600	$0	N/A	0.000	- Sin Departamento -
 7707270363677	GUANTES LATES	$0	$1.000	$0	N/A	0.000	- Sin Departamento -
 7702189045379	GUDIZ VAINILLA FRITO LAY 28G	$869	$1.300	$0	N/A	0.000	0
 6922235800566	GUMMY BALL STRAWBERRY	$0	$0	$0	0,00	0.000	0
 GUSANITOS	GUSANITOS UNIDAD	$0	$100	$0	N/A	0.000	- Sin Departamento -
 7702028021649	GUSTOSITA MEDIA LIBRA 250 GR	$0	$0	$0	0,00	0.000	0
 7702028021595	GUSTOSITA X220 G	$0	$0	$0	0,00	0.000	0
 7702028021601	GUSTOSITA X450G	$0	$0	$0	0,00	0.000	0
 7702028079756	GUSTOSITA  X45G	$0	$1.000	$0	N/A	0.000	0
 7622202232732	Galleta Ritz 	$0	$1.800	$0	N/A	0.000	- Sin Departamento -
 7702025147915	Galletas Ducales 3 Tacos	$0	$9.300	$0	N/A	0.000	- Sin Departamento -
 7702057803254	Gastrofast	$0	$3.300	$0	N/A	0.000	- Sin Departamento -
 7702057805548	Gastrofast	$0	$3.300	$0	N/A	0.000	- Sin Departamento -
 7702006204057	Gel Ego 25ml	$0	$1.200	$0	N/A	0.000	- Sin Departamento -
 7703133030175	Golpe Con Todo Limon	$0	$8.000	$0	N/A	0.000	- Sin Departamento -
 7702011162687	Grissly Postobon 67g	$0	$1.800	$0	N/A	0.000	- Sin Departamento -
 GUANTES	Guantes 	$0	$3.000	$0	N/A	0.000	- Sin Departamento -
 7702037567961	Guantes Talla 7	$0	$4.000	$0	N/A	0.000	- Sin Departamento -
 7702037568005	Guantes Talla 9	$0	$4.000	$0	N/A	0.000	- Sin Departamento -
 7702090039986	H20 LIMA LIMON X 1.5L	$0	$0	$0	0,00	0.000	0
 7702090069341	H20 LIMONADA COCO X 250 ML	$0	$0	$0	0,00	0.000	0
 7702090044584	H20 LIMONATA X 1.5L	$0	$0	$0	0,00	0.000	0
 7702192702405	H2O LIMON LIMONATA	$0	$2.500	$0	N/A	0.000	- Sin Departamento -
 7702133445095	HALLS 100 PEPA CHERRY ROJO 100U	$0	$0	$0	0,00	0.000	0
 7622210427045	HALLS BARRA CHERRY LYPTUS X 25 G	$0	$2.000	$0	N/A	0.000	0
 7622202015212	HALLS BARRA EXTRASTRONG NEGRO X 25 G	$0	$2.000	$0	N/A	0.000	0
 7622210427199	HALLS BARRA FRUIT MIX X 25 G	$0	$2.000	$0	N/A	0.000	0
 7622201776459	HALLS BARRA LIMON MIEL X 25 G	$0	$2.000	$0	N/A	0.000	0
 7622210427137	HALLS BARRA MORA AZUL X 25 G	$0	$2.000	$0	N/A	0.000	0
 7702133815782	HALLS BARRA YERBABUENA-LYPTUS X 25 G	$0	$2.000	$0	N/A	0.000	0
 7622210427076	HALLS BARRA  MENTHOL  X 25 G	$0	$2.000	$0	N/A	0.000	0
 7622210670724	HALLS PEPA YERBABUENA X110	$0	$17.000	$0	N/A	0.000	0
 HALLS	HALLS UNIDAD	$0	$300	$0	N/A	0.000	- Sin Departamento -
 7702084137537	HARINA DE MAIZ AMARILLO X 1KG	$3.249	$3.700	$0	N/A	0.000	0
 7702020011228	HARINA DE TRIGO HAZ DE OROS 500 GR	$0	$2.500	$0	N/A	0.000	0
 7707237413902	HARINA DE TRIGO NIEVE 500 GR	$0	$2.500	$0	N/A	0.000	0
 7702020011327	HARINA HAZ DE OROS HORNEAR X 500G	$0	$3.000	$0	N/A	0.000	0
 7702084137520	HARINA PAN 1KL	$0	$3.900	$0	N/A	0.000	- Sin Departamento -
 7702084137575	HARINA PAN MAIZ AMARILLO X 500 GR	$1.999	$2.600	$0	N/A	0.000	0
 7707362397672	HATSU FLOR DE LOTO X 400ML	$0	$0	$0	0,00	0.000	0
 7707362390079	HATSU MANGOSTINO X 400ML	$0	$0	$0	0,00	0.000	0
 7707362390086	HATSY TEA  ROJO X 400 ML	$0	$5.000	$0	N/A	0.000	- Sin Departamento -
 27500435002459	HEAD Y SHOULDERS 2EN1 SUAVE Y MANEJABLE	$0	$0	$0	0,00	0.000	0
 7500435247696	HEAD Y SHOULDERS MENTA EXTRA REFRESCANTE	$0	$1.200	$0	N/A	0.000	0
 7500435126601	HEAD Y SHOULDERS X33ML	$0	$1.800	$0	N/A	0.000	0
 7702005601970	HEETS AMBER SELECTION	$0	$11.000	$0	N/A	0.000	0
 7707430878386	HEINEKEN 269 	$0	$3.500	$0	N/A	0.000	- Sin Departamento -
 7702402059091	HELADO CACERO  COCO	$0	$2.700	$0	N/A	0.000	- Sin Departamento -
 7702402058780	HELADO NUBE COLORIDA 	$0	$3.200	$0	N/A	0.000	- Sin Departamento -
 7702402059510	HELADO TRES LECHES	$0	$3.500	$0	N/A	0.000	- Sin Departamento -
 7702049170005	HIDRA TAO COCO LIMON	$4.496	$6.500	$0	N/A	0.000	0
 7702049170067	HIDRA TAO MARACUYA	$4.496	$6.500	$0	N/A	0.000	0
 7702049170012	HIDRA TAO MORA AZUL	$4.496	$6.500	$0	N/A	0.000	0
 7702049170029	HIDRA TAO SANDIA CEREZA	$4.496	$6.500	$0	N/A	0.000	0
 7702354959302	HIDRALYTE MARACUYA	$0	$3.600	$0	N/A	0.000	- Sin Departamento -
 7702354959333	HIDRALYTE MORA	$0	$4.000	$0	N/A	0.000	- Sin Departamento -
 7702049170043	HIDRATAO NARANJA PIÑA 	$4.496	$6.500	$0	N/A	0.000	- Sin Departamento -
 7702090038095	HIT FRUTOS TROPICALES X 1L	$0	$0	$0	0,00	0.000	0
 7702090038071	HIT MANGO X 1L	$0	$0	$0	0,00	0.000	0
 7707133074405	HIT MSNGO 300 ML	$0	$2.000	$0	N/A	0.000	- Sin Departamento -
 7707133044033	HIT NARANJA PIÑA	$0	$3.000	$0	N/A	0.000	- Sin Departamento -
 7707133075655	HIT NARANJA PIÑA X200ML	$0	$1.700	$0	N/A	0.000	- Sin Departamento -
 7637133074412	HIT TROPICAL	$0	$2.000	$0	N/A	0.000	- Sin Departamento -
 7707133074412	HIT TROPICAL	$0	$2.000	$0	N/A	0.000	- Sin Departamento -
 737186408602	HOGAR CLEAN LAVALOZA DESENGRASANTE X1000ML	$0	$0	$0	0,00	0.000	0
 658325853681	HOGAR LCEAN DETERGENTE LIQUIDO X1000ML	$0	$0	$0	0,00	0.000	0
 HUEVOGALLINAUNIDAD	HUEVO GALLINA UNIDAD	$0	$600	$0	N/A	0.000	- Sin Departamento -
 HUEVOPGALLINAX15	HUEVO GALLINA X 15	$0	$9.000	$0	N/A	0.000	- Sin Departamento -
 HUEVOGALLINAX30	HUEVO GALLINA X 30	$0	$18.000	$0	N/A	0.000	- Sin Departamento -
 78602731	HUEVO KINDER 	$0	$7.500	$0	N/A	0.000	- Sin Departamento -
 80050360	HUEVO KINDER DINOSAURIOS 	$0	$7.500	$0	N/A	0.000	- Sin Departamento -
 7702354959319	HYDRALYTE FRESA KIWI	$0	$4.000	$0	N/A	0.000	- Sin Departamento -
 7500435155793	HYS HIDRATACION ACEITE DE COCO	$0	$1.200	$0	N/A	0.000	0
 7702402059114	Helado Casero Guanabana	$0	$2.700	$0	N/A	0.000	- Sin Departamento -
 7702354959326	Hidralyte	$0	$4.000	$0	N/A	0.000	- Sin Departamento -
 7702057113902	IBLUSLASH MIGRAN	$0	$3.000	$0	N/A	0.000	0
 7702057063900	IBUFLASH MIGRAN	$0	$3.000	$0	N/A	0.000	- Sin Departamento -
 7706569000385	IBUPROFENO	$0	$400	$0	N/A	0.000	0
 IBUPROFENO800MG	IBUPROFENO 800 MG	$0	$400	$0	N/A	0.000	- Sin Departamento -
 7702057091125	IBUPROFENO CAPSULA	$0	$1.500	$0	N/A	0.000	- Sin Departamento -
 645667223791	ICOPOR DARNEL 20 BOWLS - PLATO HONDOS WAVE 12 OZ	$0	$5.600	$0	N/A	0.000	0
 645667223784	ICOPOR DARNEL 6 IN / 15.5 CM PLATOS PANDOS X 20	$0	$3.000	$0	N/A	0.000	0
 645667223814	ICOPOR DARNEL 9 IN / 23 CM. 20 PLATES PANDOS	$0	$5.600	$0	N/A	0.000	0
 645667207609	ICOPOR DARNEL PLATOS  PANDOS 3D 	$0	$5.600	$0	N/A	0.000	- Sin Departamento -
 7702458019933	ICOPOR DARNEL REDUX 24 OZ / 710 ML	$0	$12.600	$0	N/A	0.000	0
 INSECTICIDA	INSECTICIDA EL SEBASTIAN 	$0	$10.000	$0	N/A	0.000	- Sin Departamento -
 INSTACREMSOBREUNI	INSTACREM SOBRE UNIDAD	$0	$500	$0	N/A	0.000	- Sin Departamento -
 7702007083125	INSTANTANEO CORONA C Y C 14 GR	$0	$1.000	$0	N/A	0.000	- Sin Departamento -
 7702026177874	INVISIBLE RAPIGEL X10	$0	$5.800	$0	N/A	0.000	0
 7702605101511	Ibuprofeno 800mg	$0	$800	$0	N/A	0.000	- Sin Departamento -
 7702088960469	JABON AVENA CRISTALINO 125 GR	$2.892	$3.400	$0	N/A	0.000	- Sin Departamento -
 7702191163726	JABON COCO VARELA 180 GR	$0	$3.200	$0	N/A	0.000	0
 7709954664131	JABON DE MANOS ESTETLAR	$0	$3.600	$0	N/A	0.000	0
 7702538251307	JABON DESEO ALGAS MARINAS 110 G	$0	$2.400	$0	N/A	0.000	0
 7702538252168	JABON DESEO AVENA 110G	$1.830	$2.400	$0	N/A	0.000	0
 7702538252205	JABON DESEO MANZANA VERDE 110 G	$0	$2.200	$0	N/A	0.000	0
 7702088207564	JABON DISCO LA JOYA X130G	$937	$1.600	$0	N/A	0.000	0
 7702191164600	JABON FAB BARRA FLORAL 300 GR	$0	$3.500	$0	N/A	0.000	0
 7702191164594	JABON FAB BARRA LIMON 300 GR	$0	$3.400	$0	N/A	0.000	0
 7702031414575	JABON JHONSONN	$0	$3.700	$0	N/A	0.000	- Sin Departamento -
 7509546677002	JABON PALMOLIVE GRANADA X 110 G	$0	$3.500	$0	N/A	0.000	0
 7509546690261	JABON PALMOLIVE MANDARINA Y ROMERO X110G	$0	$3.500	$0	N/A	0.000	0
 7509546676920	JABON PALMOLIVE SANDIA Y LECHE X 110G	$0	$0	$0	0,00	0.000	0
 7702010420511	JABON PROTEX	$0	$3.700	$0	N/A	0.000	- Sin Departamento -
 7702010420467	JABON PROTEX	$0	$3.700	$0	N/A	0.000	- Sin Departamento -
 7509546693545	JABON PROTEX HERBAL 110 GR	$0	$3.700	$0	N/A	0.000	0
 7509546693538	JABON PROTEX LIMPIEZA PROFUNDA	$0	$0	$0	0,00	0.000	0
 7702191451342	JABON PURO 180 GR	$0	$2.000	$0	N/A	0.000	- Sin Departamento -
 7702166006003	JABON REY 300 GR	$0	$3.000	$0	N/A	0.000	0
 7702129075244	JAMON SELECCIONADO COLANTA X 225 G	$0	$9.200	$0	N/A	0.000	0
 7701101241042	JAMONETA ZENU X 180 G	$0	$10.500	$0	N/A	0.000	0
 7701101241004	JAMONETA ZENU X 370 G	$0	$17.000	$0	N/A	0.000	0
 7707282990274	JERINGA 5ML	$0	$1.000	$0	N/A	0.000	- Sin Departamento -
 7702007062694	JET BURBUJA X 14 G	$0	$0	$0	0,00	0.000	0
 7702007072556	JET BURBUJAS COPKIES Y CREAM	$0	$13.900	$0	N/A	0.000	0
 7702007080681	JET CHOCOLATE X 25 G	$0	$3.800	$0	N/A	0.000	0
 7702007042276	JET COOKIES AND CREAM X 50 G	$0	$5.800	$0	N/A	0.000	0
 7702402054935	JET HELADO 62 GR	$0	$4.800	$0	N/A	0.000	- Sin Departamento -
 7702007088861	JETT A&A 45G	$0	$5.300	$0	N/A	0.000	- Sin Departamento -
 7702398017877	JMN.IDEAL RICA X 230G	$0	$9.200	$0	N/A	0.000	0
 7701101280638	JMN.SDW. ZENU X 230G	$0	$13.800	$0	N/A	0.000	0
 5000267014609	JOHNIRE WALKER  X 375 ML	$0	$48.000	$0	N/A	0.000	- Sin Departamento -
 7702031414360	JOHNSONS ALOE 110 GR	$0	$3.700	$0	N/A	0.000	- Sin Departamento -
 7702031407621	JOHNSONS JABON ALOE X110G	$0	$3.700	$0	N/A	0.000	0
 7702031414346	JOHNSONS JABON ORIGINAL 110 GR	$0	$3.700	$0	N/A	0.000	- Sin Departamento -
 7702031407362	JOHNSONS JABON ROSAS	$0	$3.700	$0	N/A	0.000	- Sin Departamento -
 7707211633067	JUAN VALDES VAINILLA Y CANELA V8 GR	$0	$2.000	$0	N/A	0.000	- Sin Departamento -
 7707211631452	JUAN VALDEZ CLASICO X50	$0	$16.500	$0	N/A	0.000	- Sin Departamento -
 7707211639380	JUAN VALDEZ VANICANELA 50 GR	$0	$16.500	$0	N/A	0.000	- Sin Departamento -
 7707211638277	JUAN VALDEZ  CAFE X10G	$1.400	$2.000	$0	N/A	0.000	0
 7707133033730	JUGO DE MANGO HIT X1L	$0	$5.000	$0	N/A	0.000	0
 7702535022078	JUGO DEL VALLE X2.5L	$0	$6.000	$0	N/A	0.000	0
 7707133062471	JUGO HIT  MANGO 500 ML	$0	$3.000	$0	N/A	0.000	- Sin Departamento -
 7707133065090	JUGO HIT  NARANJA PIÑA X 1 LT	$0	$5.000	$0	N/A	0.000	- Sin Departamento -
 7707133052670	JUGO HIT FRUTAS TROPICALES 500 ML	$0	$3.000	$0	N/A	0.000	- Sin Departamento -
 7707133055053	JUGO HIT FRUTAS TROPICALES X1L	$0	$5.000	$0	N/A	0.000	0
 7707133025919	JUGO HIT FRUTOS TROPICALES CAJA X 200ML	$0	$1.700	$0	N/A	0.000	0
 7702090029888	JUGO HIT FRUTOS TROPICALES X 500ML	$0	$0	$0	0,00	0.000	0
 7707133085456	JUGO HIT LULO X 500ML	$0	$3.000	$0	N/A	0.000	0
 7702090029864	JUGO HIT MANGO X 500ML	$0	$0	$0	0,00	0.000	0
 7707133083216	JUGO HIT MORA 500ML	$0	$3.000	$0	N/A	0.000	0
 7707133042039	JUGO HIT POSTOBON  MORA X 200 ML	$0	$1.700	$0	N/A	0.000	- Sin Departamento -
 7707133098029	JUGO HIT POSTOBON MANGO X 200 ML	$0	$1.700	$0	N/A	0.000	- Sin Departamento -
 7707133095097	JUGO HIT POSTOBON X 1 LT 	$0	$5.000	$0	N/A	0.000	- Sin Departamento -
 7702001168927	JUGO SOKA CAJA   FRESA  X 200ML	$0	$0	$0	0,00	0.000	0
 7702001168903	JUGO SOKA MANGO CAJA X 200ML	$0	$0	$0	0,00	0.000	0
 7702007039719	JUMBO FLOW BLANCA X 48 G	$0	$3.600	$0	N/A	0.000	0
 7702007080339	JUMBO MANI X 17 G	$0	$1.500	$0	N/A	0.000	0
 7702007086126	JUMBO MINICHIPS X 170G	$0	$14.000	$0	N/A	0.000	0
 7702007088632	JUMBO MIX WHITE	$0	$10.000	$0	N/A	0.000	- Sin Departamento -
 7702007009989	JUMBO MIX X60 G	$0	$5.000	$0	N/A	0.000	0
 7702007088366	JUMBO RYAN CASTRO	$0	$9.000	$0	N/A	0.000	- Sin Departamento -
 7702007085846	JUMBO WAFER  JET X72G	$0	$0	$0	0,00	0.000	0
 7702166006515	Jabon Rey Liquido 2 Lt	$0	$21.500	$0	N/A	0.000	- Sin Departamento -
 95188012518	Jugo Tampico 250m L	$0	$1.000	$0	N/A	0.000	- Sin Departamento -
 7705326070258	KEKITO BIMBO 50 G	$0	$2.000	$0	N/A	0.000	0
 7702103126054	KELLOGGS FROOLOOPS X25G	$0	$1.600	$0	N/A	0.000	0
 7702103128508	KELLOGGS SONIC 25GR	$0	$1.600	$0	N/A	0.000	- Sin Departamento -
 KINOTEC	KINOTEC	$0	$13.000	$0	N/A	0.000	- Sin Departamento -
 7702024216353	KLIM 25 GR	$0	$1.200	$0	N/A	0.000	- Sin Departamento -
 7702057737450	KOLA GRANULADA X25G	$0	$2.300	$0	N/A	0.000	0
 7702609006508	KOLA ROMAN	$0	$3.000	$0	N/A	0.000	- Sin Departamento -
 7702609001886	KOLA ROMAN	$0	$6.000	$0	N/A	0.000	- Sin Departamento -
 7702029041578	KONSIL SEDA LIQUIDA  	$0	$1.200	$0	N/A	0.000	- Sin Departamento -
 7702029264823	KONZIL CREMA PARA PEINAR	$0	$1.200	$0	N/A	0.000	0
 7702029211773	KONZIL SH CREMA SACHETS X 20ML	$0	$1.200	$0	N/A	0.000	0
 7702029482944	KONZIL SH SEDA SACHETS X 20ML	$0	$1.200	$0	N/A	0.000	0
 7702001048007	KUMIS ALPINA X150G	$0	$2.700	$0	N/A	0.000	0
 7702001047949	KUMIS X 150 GR ALPINA	$0	$2.700	$0	N/A	0.000	0
 7702057737146	Kola Granulada	$0	$2.300	$0	N/A	0.000	- Sin Departamento -
 LYMAZUL	L Y M AZUL UNIDAD	$0	$500	$0	N/A	0.000	- Sin Departamento -
 7702005563483	L  Y M AZUL	$0	$4.000	$0	N/A	0.000	0
 7707298441296	LA BOTELLITA	$0	$1.300	$0	N/A	0.000	- Sin Departamento -
 7702097138743	LA CONSTAMCIA SALSA NEGRA X100ML	$0	$0	$0	0,00	0.000	0
 7702097163455	LA CONSTANCIA BBQ	$0	$2.900	$0	N/A	0.000	0
 7702097135612	LA CONSTANCIA MAYONESA 150 Gr	$0	$2.400	$0	N/A	0.000	0
 7702097148551	LA CONSTANCIA MAYONSESA X190GR	$0	$5.600	$0	N/A	0.000	0
 7702097148575	LA CONSTANCIA MERMELADA DE MORA X80GR	$0	$0	$0	0,00	0.000	0
 7702097137760	LA CONSTANCIA MOSTANEZA X190GR	$0	$6.900	$0	N/A	0.000	0
 7702097148599	LA CONSTANCIA MOSTANEZA X80GR	$0	$2.100	$0	N/A	0.000	0
 7702097086631	LA CONSTANCIA SALSA BOLOGNESA X106GR	$0	$3.200	$0	N/A	0.000	0
 7702097148643	LA CONSTANCIA SALSA DE TOMATE X190GR	$0	$0	$0	0,00	0.000	0
 7702097069412	LA CONSTANCIA SALSA PARA CARNES X110GR	$0	$2.200	$0	N/A	0.000	0
 7702097137753	LA CONSTANCIA SALSA ROSAADA X190GR	$0	$6.600	$0	N/A	0.000	0
 7702097148650	LA CONSTANCIA SALSA TARTARA X80GR	$0	$2.300	$0	N/A	0.000	0
 7702088214104	LA JOYA SUAVISANTE CAMPO PRIMAVERA X900ML	$0	$0	$0	0,00	0.000	0
 6GWGG67702354930936	LA SOPERA POLLO CON CHAMPIÑONES X42,5GR	$0	$0	$0	0,00	0.000	0
 7503018214023	LABIOS ROJOS CHUPETA	$0	$500	$0	N/A	0.000	- Sin Departamento -
 7501033204500	LADY SPEED STICK CREMA X2 UNI 24/7	$0	$1.600	$0	N/A	0.000	0
 7702010972287	LADY SPEED STICK PRACTICREMA X 30G	$0	$4.600	$0	N/A	0.000	0
 7702204899628	LAHUERTA TRISABOR 14 GR	$0	$800	$0	N/A	0.000	- Sin Departamento -
 7702436486658	LAPICERO BIG COLORES VIVOS	$0	$800	$0	N/A	0.000	0
 9780201379044	LAPIZ ROJO 	$0	$1.200	$0	N/A	0.000	- Sin Departamento -
 7702085043066	LASAGNA DORIA X200	$0	$5.400	$0	N/A	0.000	0
 7707175364403	LASSCHISS PAP. MAYONESA 20 G	$0	$0	$0	0,00	0.000	0
 7707175360085	LASSCHISS PAPITAS FITAS BBQ 20 G	$0	$600	$0	N/A	0.000	0
 7707175360108	LASSCHISS PAPITAS FRITAS LIMON 20G	$0	$600	$0	N/A	0.000	0
 7707175360092	LASSCHISS PAPITAS FRITAS LIMON Y PIM. 20 G	$0	$600	$0	N/A	0.000	0
 7707348519302	LAVA GRAS AVENA X250GR	$0	$0	$0	0,00	0.000	0
 7702010381256	LAVA LOZA  AXION 235 GR	$0	$3.500	$0	N/A	0.000	- Sin Departamento -
 7702088210823	LAVA LOZA LA JOYA X990 G	$0	$6.500	$0	N/A	0.000	0
 7702088207557	LAVALOZA CREMA JOYA LIMON X 500 G	$2.879	$3.500	$0	N/A	0.000	0
 7702090061000	LECHE ACHOCOLATADA BILAC 200ML	$0	$0	$0	0,00	0.000	0
 7702177024102	LECHE ALKERIA 200ML	$0	$1.000	$0	N/A	0.000	- Sin Departamento -
 7702177023839	LECHE ALKERIA 20ML	$0	$1.000	$0	N/A	0.000	- Sin Departamento -
 7702177024096	LECHE ALKERIA X1 LITRO	$3.410	$3.800	$0	N/A	0.000	- Sin Departamento -
 7702001171040	LECHE ALPINA 1000 ML	$0	$4.400	$0	N/A	0.000	0
 7702177022504	LECHE ALQUERIA 1300 ML	$5.770	$6.800	$0	N/A	0.000	0
 7702177021095	LECHE ALQUERIA 400ML	$0	$2.000	$0	N/A	0.000	0
 7702177020999	LECHE ALQUERIA DESC 400ML	$0	$2.500	$0	N/A	0.000	0
 7702177002865	LECHE ALQUERIA DESCREMADA 1100 ML	$0	$0	$0	0,00	0.000	0
 7702177023815	LECHE ALQUERIA ENTERA  X 1LT	$3.410	$4.000	$0	N/A	0.000	0
 7702129004275	LECHE COLANTA DESLAC 1000ML	$0	$6.000	$0	N/A	0.000	0
 7702129005319	LECHE COLANTA POLVO X380 G	$0	$14.800	$0	N/A	0.000	0
 7702129005326	LECHE COLANTA X 900 G	$0	$32.000	$0	N/A	0.000	0
 7702129005173	LECHE COLANTAEN POLVO 200 GR	$0	$8.800	$0	N/A	0.000	0
 7702097068064	LECHE CONDENSADA COLOMBINA 25G	$0	$1.500	$0	N/A	0.000	- Sin Departamento -
 7702097066541	LECHE CONDENSADA COLOMBINA 300GR	$0	$8.900	$0	N/A	0.000	0
 7707226113134	LECHE CONDENSADA TUBITO X 300G	$0	$0	$0	0,00	0.000	0
 7707226115275	LECHE CONDENSADA TUBITO X 500G	$10.500	$12.600	$0	N/A	0.000	0
 7707226113172	LECHE CONDENSADA TUBITO X300G	$0	$8.700	$0	N/A	0.000	0
 7702097148483	LECHE CONDENSADA X 90G	$0	$2.600	$0	N/A	0.000	0
 7700604046727	LECHE CONDENSSADA PARMALAT X 100G	$0	$3.800	$0	N/A	0.000	0
 7702177009642	LECHE DESLACTOSADA 1300 ML	$0	$6.800	$0	N/A	0.000	0
 7702001045556	LECHE DESLACTOSADA ALPINA BOLSA 1.100 ML	$5.000	$6.000	$0	N/A	0.000	0
 7707222552456	LECHE DESLACTOSADA  X900ML	$0	$4.000	$0	N/A	0.000	0
 7702130613237	LECHE EN POLVO AZUCARADA 104 GR PROLECHE	$0	$5.400	$0	N/A	0.000	0
 7702129005227	LECHE EN POLVO COLANTA X25G	$0	$1.500	$0	N/A	0.000	0
 7702130111009	LECHE EN POLVO PROLECHE 200GR	$0	$9.200	$0	N/A	0.000	0
 7702130612414	LECHE EN POLVO PROLECHE 380 GR	$12.833	$15.000	$0	N/A	0.000	0
 7702001171064	LECHE ENTERA ALPINA X 400ML	$1.750	$2.200	$0	N/A	0.000	0
 7702129004237	LECHE ENTERA COLANTA 100ML	$0	$5.900	$0	N/A	0.000	0
 7702129001052	LECHE ENTERA COLANTA 1L	$3.410	$4.400	$0	N/A	0.000	0
 7702129001083	LECHE ENTERA MONTEFRIO 1L	$3.250	$4.000	$0	N/A	0.000	0
 7707222551138	LECHE LIQUIDA BETANIA ENTERA X900 ML	$0	$3.600	$0	N/A	0.000	0
 7702001044306	LECHE  CHO ALPIN 200ML	$0	$0	$0	0,00	0.000	0
 7702024472308	LECHERA 25G	$0	$1.200	$0	N/A	0.000	0
 HTTPSÑ--IHQ.QRPLANET	LECHERITA TUBITO X 100G	$2.600	$3.200	$0	N/A	0.000	0
 7707226110645	LECHERITA TUBITO X 100G	$2.600	$3.200	$0	N/A	0.000	0
 7707301110164	LENGUAS LA 96	$0	$7.000	$0	N/A	0.000	0
 7706667990311	LENTEJAS ABURRA  X 300G	$0	$5.400	$0	N/A	0.000	0
 7706667007040	LENTEJAS ABURRA  X460G	$3.831	$4.700	$0	N/A	0.000	0
 7702085012246	LETRA DORIA CLASICA X 250G	$0	$2.300	$0	N/A	0.000	0
 LEUKOPLAST	LEUKOPLAST 	$0	$700	$0	N/A	0.000	- Sin Departamento -
 7702049101320	LICOR DE RON MEDELLIN 375ML	$0	$26.000	$0	N/A	0.000	0
 LIGASUPERELASTICA	LIGA SUPER ELASTICA	$0	$1.000	$0	N/A	0.000	- Sin Departamento -
 7702354957407	LIKE BLUEBERRY	$0	$4.000	$0	N/A	0.000	0
 7702354953966	LIKE CITRUS VODKA Y LIMON	$0	$4.000	$0	N/A	0.000	0
 7702354953959	LIKE FRESH APPLE VODKA Y MANZANA VERDE X 300ML	$0	$4.000	$0	N/A	0.000	0
 7702354954000	LIKE FUSION BERRIES VODKA FRUTOS ROJOS X300 ML	$0	$0	$0	0,00	0.000	0
 LIMAUÑAS	LIMA UÑAS 	$0	$600	$0	N/A	0.000	- Sin Departamento -
 7706667039409	LIMONADA DECOCO X100 GR	$0	$4.500	$0	N/A	0.000	0
 7702192130666	LIMONATA  H2OH X 1.5 ML	$0	$6.000	$0	N/A	0.000	- Sin Departamento -
 7702192787594	LIMONATA H2  600 ML	$0	$2.500	$0	N/A	0.000	- Sin Departamento -
 7707285980555	LIMPIA JUNTAS 500 ML 	$0	$3.800	$0	N/A	0.000	- Sin Departamento -
 7702532430661	LIMPIADOR  PINOLINA CANELA Y MIEL 200 ML	$0	$2.600	$0	N/A	0.000	0
 7702532430678	LIMPIADOR CITRONELA PINOLINA DOYPX200ML	$0	$1.500	$0	N/A	0.000	0
 7702532430685	LIMPIADOR LAVANDA PINOLINA  LAVANDA 200 ML	$0	$2.600	$0	N/A	0.000	0
 7702532430999	LIMPIADOR LAVANDA PINOLINA DOYPX200ML	$0	$0	$0	0,00	0.000	0
 7702035432117	LISTERINE COOL MINT X180	$10.650	$12.800	$0	N/A	0.000	- Sin Departamento -
 7706667900402	LOMITOS ATUN ABURRA	$0	$6.700	$0	N/A	0.000	0
 7706667900242	LOMITOS DE ATUN ABURRA X 150 G	$0	$6.700	$0	N/A	0.000	0
 7701101361665	LOMOS ATUN ZENU EN ACEITE X120G	$0	$5.200	$0	N/A	0.000	0
 7861073930365	LOMOTIL	$0	$500	$0	N/A	0.000	0
 7702788103609	LONJA COMBINADA SAB. FRESA Y VANILLA 125 G	$0	$3.300	$0	N/A	0.000	0
 7702788000106	LONJA COMBINADA SAB. FRESA Y VANILLA 300 G X 15 PORC.	$0	$6.600	$0	N/A	0.000	0
 7702788106945	LONJA TRICOLOR	$0	$7.000	$0	N/A	0.000	0
 7704412260016	LORATADINA	$0	$500	$0	N/A	0.000	- Sin Departamento -
 LORATADINA+	LORATADINA +	$0	$500	$0	N/A	0.000	- Sin Departamento -
 7703812003193	LOZA CREM BLANCOX 250	$0	$3.000	$0	N/A	0.000	- Sin Departamento -
 7702303006491	LUCKY SANDIA MEDIO	$0	$0	$0	0,00	0.000	0
 7702303006507	LUCKY SANDIA PAQUETE	$0	$0	$0	0,00	0.000	0
 7702303953863	LUCKY STRIKE AZUL MEDIO X 10 UNID ($1000 X UNID)	$0	$7.500	$0	N/A	0.000	0
 7702303778886	LUCKY STRIKE MORADO	$0	$7.500	$0	N/A	0.000	0
 7702303809221	LUCKY STRIKE SANDIA	$0	$7.500	$0	N/A	0.000	0
 7702303006668	LUCKY TRES COLORES	$0	$15.000	$0	N/A	0.000	0
 7702303006651	LUCKY TRES COLORES MEDIO	$0	$0	$0	0,00	0.000	0
 7702129004978	LUHT DESLACTOSADA COLANTA BOL X 1000 ML	$0	$5.000	$0	N/A	0.000	0
 7702088214654	LUKER 14 G - CLAVOS Y CANELAS	$0	$1.200	$0	N/A	0.000	0
 7702088191986	LUKER COCOA PREMIOUM 100 G	$0	$8.700	$0	N/A	0.000	0
 7702088214647	LUKER TRADIC. 14 G	$0	$1.200	$0	N/A	0.000	0
 7702088211868	LUKER TRADICINAL 125 G	$0	$0	$0	0,00	0.000	0
 7702088215507	LUKER X112G	$0	$10.500	$0	N/A	0.000	0
 7702088215491	LUKER X224G	$0	$0	$0	0,00	0.000	0
 LUKI	LUKI UNIDAD	$0	$1.000	$0	N/A	0.000	- Sin Departamento -
 7702005602458	LYM  AZUL	$0	$4.500	$0	N/A	0.000	0
 7702005602397	LYM PAQUETE	$0	$9.000	$0	N/A	0.000	- Sin Departamento -
 LYM	LYM UNIDAD	$0	$700	$0	N/A	0.000	- Sin Departamento -
 7702007078008	LYNE CLACICO ENDULZADO CON SPLENDA 120 GR	$0	$14.200	$0	N/A	0.000	- Sin Departamento -
 7702007077841	LYNE CLASICO SIN ENDULZAR X 120GR	$0	$13.600	$0	N/A	0.000	- Sin Departamento -
 7702007077926	LYNE CLAVOS Y CANELA  S E X120 G	$0	$13.700	$0	N/A	0.000	0
 7702088216641	Lava Loza La Joya 280gr Limon	$0	$2.700	$0	N/A	0.000	- Sin Departamento -
 LIMON	Limon	$0	$500	$0	N/A	0.000	- Sin Departamento -
 7702870004753	Lumbal	$0	$1.500	$0	N/A	0.000	- Sin Departamento -
 40000514510	M YM PEANUT  X 49.3	$0	$6.000	$0	N/A	0.000	- Sin Departamento -
 7702085012093	MACARRONES DORIA X250 G	$0	$2.300	$0	N/A	0.000	0
 7709249577207	MADURITO DULCE 60G	$0	$3.600	$0	N/A	0.000	0
 MAGGIDESMENUZADO	MAGGI DESMENUZADO 	$0	$500	$0	N/A	0.000	- Sin Departamento -
 8445290605269	MAGGI EL JUGOSO FIN HIER X 23,4 G	$0	$0	$0	0,00	0.000	0
 8445290605283	MAGGI JUGOSO PIMENTON X 23,2 G	$0	$0	$0	0,00	0.000	0
 7702024015307	MAGGI SOPA CLARA COSTI/FIDEOS X65G	$0	$3.000	$0	N/A	0.000	0
 7702024567738	MAGGI SOPA DE GALLINA CON FIDEOS X52G	$0	$3.000	$0	N/A	0.000	0
 7702024277842	MAGUI COSTILLA 	$0	$500	$0	N/A	0.000	- Sin Departamento -
 7702024374763	MAGUI GALLINA 	$0	$500	$0	N/A	0.000	- Sin Departamento -
 7701101358139	MAIZ DULCE ZENU X 241 G	$0	$6.800	$0	N/A	0.000	0
 7701101360576	MAIZ DULCE ZENU X415GR	$0	$10.000	$0	N/A	0.000	0
 7706667009013	MAIZ PIRA ABURRA X500G	$2.638	$3.200	$0	N/A	0.000	0
 7702439309480	MAIZ TIERNO BARY	$0	$4.700	$0	N/A	0.000	- Sin Departamento -
 7702047040034	MAIZANA X28G	$0	$1.800	$0	N/A	0.000	- Sin Departamento -
 7702047040058	MAIZENA COLADA VAINILLA X28G	$0	$1.800	$0	N/A	0.000	0
 7702047003497	MAIZENA X 380 G	$3.680	$4.600	$0	N/A	0.000	0
 7702047003466	MAIZENMA 90 GR	$0	$1.800	$0	N/A	0.000	- Sin Departamento -
 7702914599443	MAIZITO LIMON -RAMO 45 GR	$0	$1.800	$0	N/A	0.000	0
 7702914604130	MAIZITO TOMATE - RAMO 45 GR-MILENIO	$0	$2.000	$0	N/A	0.000	0
 7702914551403	MAIZITOS LIMON X 215 GR	$0	$8.000	$0	N/A	0.000	0
 7702914599436	MAIZITOS NATURAL - RAMO X 45 GR	$0	$2.000	$0	N/A	0.000	0
 7702914550505	MAIZITOS NATURAL X 215 GR	$0	$6.800	$0	N/A	0.000	0
 7702914604147	MAIZITOS TOMATE 215 GR	$0	$8.000	$0	N/A	0.000	- Sin Departamento -
 7702914602174	MAIZITOS UY  HABANERO LIMON 200 GR	$0	$9.400	$0	N/A	0.000	- Sin Departamento -
 7702914602167	MAIZITOS UY - RAMO X 40 GR	$0	$2.300	$0	N/A	0.000	0
 7702206036007	MAIZPIRA DIANA 500G	$0	$3.000	$0	N/A	0.000	0
 7702005030503	MALBORO - BOSTON	$0	$6.000	$0	N/A	0.000	0
 7702005780989	MALBORO -BOSTON X20	$0	$12.000	$0	N/A	0.000	0
 7702005602557	MALBORO VISTA PAQUETE	$0	$12.000	$0	N/A	0.000	- Sin Departamento -
 MALTA4500	MALTA	$0	$4.500	$0	N/A	0.000	- Sin Departamento -
 7705326073389	MAMA INES PONQUE DE VINO 5 PORC. 220 G	$0	$0	$0	0,00	0.000	0
 7702007063899	MANI ARANDANOS X40 G	$0	$3.200	$0	N/A	0.000	0
 7709401218146	MANI CONFITADO	$0	$1.800	$0	N/A	0.000	0
 7702007083248	MANI ESPECIAL MANI CON SAL 35 G	$0	$2.800	$0	N/A	0.000	0
 7702007059892	MANI LIMON PIMIENTA LA ESPECIAL X40 G	$0	$2.800	$0	N/A	0.000	0
 7702007083538	MANI MIX PASAS  X 35 GR	$0	$2.800	$0	N/A	0.000	- Sin Departamento -
 7702189059055	MANI MOTO FLAMINT HOT 35 GR	$0	$1.600	$0	N/A	0.000	- Sin Departamento -
 7702189058508	MANI MOTO LIMON FRITO LAY X 42 GR	$1.102	$1.600	$0	N/A	0.000	0
 7702189058515	MANI MOTO NATURAL FRITO LAY X 44G	$0	$2.500	$0	N/A	0.000	0
 7708065304233	MANI SALADO LERO LERO	$0	$1.800	$0	N/A	0.000	- Sin Departamento -
 7702189042347	MANIMOTO MEZCLA ALMENDRA MARAÑ 40G	$0	$2.800	$0	N/A	0.000	0
 7702189056160	MANIMOTO RECUB. 180G	$0	$6.000	$0	N/A	0.000	0
 7702189055903	MANIMOTO RECUB. 80G	$0	$2.500	$0	N/A	0.000	0
 7702189056443	MANIMOTO SALADO CON PASAS	$0	$2.800	$0	N/A	0.000	0
 7702189056382	MANIMOTO SIN CUBIERTA  SALADO 36 GR	$840	$1.200	$0	N/A	0.000	0
 7702788103104	MANJAR DE LECHE CON BOCADILLO DE GUAY. - 300 G	$0	$8.200	$0	N/A	0.000	0
 7707222552944	MANTEQUILLA BETANIA X500 GR	$0	$0	$0	0,00	0.000	0
 7702109012009	MANTEQUILLA LA BUENA 250 GR	$0	$5.700	$0	N/A	0.000	0
 8719200259232	MANTEQUILLA RAMA X 170G	$0	$5.000	$0	N/A	0.000	0
 7702406090335	MANUELITA AZUCAR MORENA X1000G	$0	$4.600	$0	N/A	0.000	0
 7702406090342	MANUELITA AZUCAR MORENA X500	$0	$2.600	$0	N/A	0.000	0
 7702406000143	MANUELITA AZUCAR X1000G	$3.720	$4.800	$0	N/A	0.000	0
 7702406001188	MANUELITA AZUCAR X500G	$0	$2.600	$0	N/A	0.000	0
 7702090072846	MANZANA 	$0	$1.500	$0	N/A	0.000	- Sin Departamento -
 7702090029512	MANZANA POST PET 1.5 L	$0	$5.000	$0	N/A	0.000	0
 7702090001563	MANZANA POSTOBON 1.5L	$0	$5.000	$0	N/A	0.000	- Sin Departamento -
 7702090064186	MANZANA POSTOBON 2.5 ML	$0	$6.000	$0	N/A	0.000	- Sin Departamento -
 MAQUINAVINTAGET9	MAQUINA VINTAGE T 9	$0	$40.000	$0	N/A	0.000	- Sin Departamento -
 7702005601154	MARBORO FUSION	$0	$0	$0	0,00	0.000	0
 7702005004467	MARBORO ROJO MEDIO	$0	$7.000	$0	N/A	0.000	0
 7702005602243	MARBORO VISTA 1/2	$0	$6.000	$0	N/A	0.000	- Sin Departamento -
 6922721700127	MARCADOR NEGRO	$0	$2.000	$0	N/A	0.000	- Sin Departamento -
 6932637702689	MARCADOR ROJO	$0	$2.000	$0	N/A	0.000	- Sin Departamento -
 7702132004484	MAREOL	$0	$800	$0	N/A	0.000	0
 7702132004460	MAREOL	$0	$800	$0	N/A	0.000	- Sin Departamento -
 7702189051431	MARG. RECETA CLASICA SAL MARINA 120G	$0	$8.000	$0	N/A	0.000	0
 7702109018797	MARGARINA CAMPI CON SAL X125G	$0	$2.500	$0	N/A	0.000	0
 7702109000334	MARGARINA CAMPI CON SAL  X 500G	$0	$0	$0	0,00	0.000	0
 7702109011996	MARGARINA LA BUENA CREMOSA BOL X 125	$2.426	$3.000	$0	N/A	0.000	0
 7702116000280	MARGARINA LA BUENA X125G	$1.900	$2.700	$0	N/A	0.000	0
 7702161001003	MARGARINA LA FINA 125 G	$0	$2.500	$0	N/A	0.000	0
 7702161002000	MARGARINA LA FINA X250G	$0	$4.700	$0	N/A	0.000	0
 7702189051455	MARGARITA ALITAS BBQ RECETA CLAS 120 GR	$5.555	$8.000	$0	N/A	0.000	0
 7702189059918	MARGARITA CHORIZO LIMON  36 GR	$1.594	$2.300	$0	N/A	0.000	- Sin Departamento -
 7702189056696	MARGARITA CREMA & CEBOLLA 36 GR	$1.594	$2.500	$0	N/A	0.000	0
 7702189056757	MARGARITA LIMON 65 GR	$0	$0	$0	0,00	0.000	0
 7702189059659	MARGARITA LIMON BOLSAZA 	$0	$4.500	$0	N/A	0.000	- Sin Departamento -
 7702189056023	MARGARITA PAPAS LIMON 36 GR	$0	$2.500	$0	N/A	0.000	0
 7702189059666	MARGARITA POLLO BOLSAZA	$0	$4.500	$0	N/A	0.000	- Sin Departamento -
 7702189051110	MARGARITA RECETA CLASICA ALITAS BBQ  38 GR	$2.136	$3.200	$0	N/A	0.000	0
 7702189052810	MARGARITA RECETA CLASICA LIMON 115 GR	$0	$8.000	$0	N/A	0.000	- Sin Departamento -
 7702189052827	MARGARITA RECETA CLASICA LIMON Y ´PIMIENTA	$0	$3.200	$0	N/A	0.000	0
 7702189060082	MARGARITAB RECETA CLASICA  70 GR	$0	$4.200	$0	N/A	0.000	- Sin Departamento -
 7702005602144	MARLBORO	$0	$14.000	$0	N/A	0.000	- Sin Departamento -
 7702005004474	MARLBORO GOLD 1/2	$0	$7.000	$0	N/A	0.000	0
 7702005002289	MARLBORO GOLD GRANDE	$0	$14.000	$0	N/A	0.000	0
 7702005628960	MARLBORO MORADO FUSION 1/2	$0	$7.000	$0	N/A	0.000	0
 7702005002357	MARLBORO ROJO 	$0	$14.000	$0	N/A	0.000	- Sin Departamento -
 7702005600317	MARLBORO SANDIA 1/2	$0	$7.000	$0	N/A	0.000	0
 7702011155696	MASMELOS LOONEY TUNES X50	$0	$0	$0	0,00	0.000	0
 7702011048158	MASMELOS SURTIDOS 145GR	$0	$5.900	$0	N/A	0.000	- Sin Departamento -
 7703133014564	MAXI YUPIS 	$0	$3.900	$0	N/A	0.000	- Sin Departamento -
 7702439574314	MAYONESA BARY 100G	$0	$2.000	$0	N/A	0.000	- Sin Departamento -
 7702439598068	MAYONESA BARY DOY PACK 160GRM	$0	$2.900	$0	N/A	0.000	0
 7702439001049	MAYONESA BARY X 400 GR	$0	$8.400	$0	N/A	0.000	- Sin Departamento -
 7702097148544	MAYONESA CONSTANCIA X 80 GR	$0	$1.700	$0	N/A	0.000	0
 7702047141014	MAYONESA FRUCO 	$0	$1.800	$0	N/A	0.000	- Sin Departamento -
 7702047194683	MAYONESA FRUCO 120 GR	$0	$2.500	$0	N/A	0.000	- Sin Departamento -
 7702047041284	MAYONESA FRUCO X 120G	$0	$3.000	$0	N/A	0.000	0
 7702047038772	MAYONESA FRUCO X 380	$0	$13.500	$0	N/A	0.000	0
 7702047041260	MAYONESA FRUCO X 80GRM	$0	$2.400	$0	N/A	0.000	0
 7706667029011	MAZAMORRA ABURRA 500 GR	$2.187	$2.700	$0	N/A	0.000	- Sin Departamento -
 7708226039066	MECHIPS LIMON	$0	$3.700	$0	N/A	0.000	0
 7709249577283	MECHIPS PAPAS NATURAL	$0	$3.700	$0	N/A	0.000	0
 56E5CK18	MEDIA RON ESENCIAL	$0	$0	$0	0,00	0.000	0
 7702168725254	MEDIO DE RON ESENCIAL	$16.957	$26.000	$0	N/A	0.000	0
 7707299560101	MELCOCHAS - DULCES MADALY X UNIDAD	$0	$0	$0	0,00	0.000	0
 7702011001481	MENTA HELADA  X400 G	$0	$9.000	$0	N/A	0.000	- Sin Departamento -
 7702011163936	MENTA HELADA COLOMBINA X100	$0	$9.000	$0	N/A	0.000	0
 7702993032954	MENTAS CHAO	$0	$700	$0	N/A	0.000	- Sin Departamento -
 7702097036681	MERMELADA DE PIÑA LA CONSTANCIA X 200 GR	$0	$5.600	$0	N/A	0.000	0
 7702097036650	MERMELADA FRESA LA CONSTANCIA X 200G	$0	$5.400	$0	N/A	0.000	0
 7702097036643	MERMELADA MORA LA CONSTANCIA X 200G	$0	$5.400	$0	N/A	0.000	0
 7702097148582	MERMELADA PIÑA CONSTANCIA	$0	$1.800	$0	N/A	0.000	0
 7702888690085	MEZCLA  EN POLVO PANELA  FRUTOS ROJOS	$0	$5.100	$0	N/A	0.000	- Sin Departamento -
 7702020211215	MEZCLA PARA TORTA  HAZ DE OROS X 500 GR	$0	$12.000	$0	N/A	0.000	- Sin Departamento -
 7702020211208	MEZCLA PARA TORTA HAZ DE OROS VAINILLA  X 500 GR	$0	$12.000	$0	N/A	0.000	- Sin Departamento -
 7702523213334	MEZCLADOR PARA CAFE OXOBIODEGRADABLES - 500 UNID. KIVE ANDINA	$0	$3.200	$0	N/A	0.000	0
 7707331801575	MICROPORE	$0	$0	$0	0,00	0.000	0
 7709528202714	MICROPORE DELGADO	$0	$3.000	$0	N/A	0.000	- Sin Departamento -
 7709990146707	MICROPORE GRUESO	$0	$5.900	$0	N/A	0.000	- Sin Departamento -
 MIELSOBRE	MIEL SOBRE	$0	$200	$0	N/A	0.000	- Sin Departamento -
 7707232095752	MIELTERTOS	$0	$3.000	$0	N/A	0.000	- Sin Departamento -
 40000602040	MILKYWAY X 52.2G	$0	$6.000	$0	N/A	0.000	0
 7702011034717	MILLOWS COLOMBINA X145G	$0	$0	$0	0,00	0.000	0
 7702011014597	MILLOWS FOGATA 145 GR	$4.886	$5.900	$0	N/A	0.000	- Sin Departamento -
 7702011141255	MILLOWS FRESA CON CREMA X35 G	$0	$2.000	$0	N/A	0.000	0
 7702011023346	MILLOWS MARGARITA  X 145 GR	$4.886	$5.900	$0	N/A	0.000	- Sin Departamento -
 7702011124456	MILLOWS SNACK  MARGARITA 35 GR	$0	$2.000	$0	N/A	0.000	- Sin Departamento -
 7702011124449	MILLOWS SNACK BLANCO X35 G	$0	$2.000	$0	N/A	0.000	0
 7702011048172	MILLOWS SURTIDO X 35G	$1.100	$1.800	$0	N/A	0.000	0
 MILLOWS	MILLOWS UNIDAD	$0	$300	$0	N/A	0.000	- Sin Departamento -
 HTTPÑ--QR.TO-MILOKL	MILO ACTIV -GO BOLSA CIERRE X100GR	$0	$5.200	$0	N/A	0.000	0
 7702024110187	MILO X20G	$0	$1.000	$0	N/A	0.000	- Sin Departamento -
 7702001171736	MINI BONYOURT CHOCOCRISPY X 142G	$0	$0	$0	0,00	0.000	0
 7702001104604	MINI BONYURT CHOCO CANDY ALPINA X100 G	$0	$3.300	$0	N/A	0.000	0
 7702001171729	MINI BONYURT ZUCARITAS X142G	$0	$0	$0	0,00	0.000	0
 7702402058537	MINI CHOCO CONO	$0	$2.000	$0	N/A	0.000	0
 7702914592512	MINI CHOCORRAMO  X20G	$0	$1.200	$0	N/A	0.000	0
 7702993054178	MINI TRULULU ACIDOS	$0	$1.500	$0	N/A	0.000	- Sin Departamento -
 7702993054215	MINI TRULULU CASQUITOS	$0	$1.500	$0	N/A	0.000	- Sin Departamento -
 7702993053959	MINI TRULULU FRESITAS	$0	$1.500	$0	N/A	0.000	- Sin Departamento -
 7702993054147	MINI TRULULU GOMITAS AROS	$0	$1.500	$0	N/A	0.000	- Sin Departamento -
 7702993054161	MINI TRULULU LENGUAS 	$0	$1.500	$0	N/A	0.000	- Sin Departamento -
 7702993054130	MINI TRULULU SABORES	$0	$1.500	$0	N/A	0.000	- Sin Departamento -
 7702993054222	MINI TRULULU SPRASH	$0	$1.500	$0	N/A	0.000	- Sin Departamento -
 7702007086096	MINI WAFER JET	$0	$500	$0	N/A	0.000	- Sin Departamento -
 7702025142910	MINICHIPS FESTIVAL 35G	$0	$1.800	$0	N/A	0.000	0
 7703486017052	MIRADO LAPIZ ROJO	$0	$1.200	$0	N/A	0.000	0
 7703090732433	MIRRINGO ORIGINAL X 1KL	$0	$10.500	$0	N/A	0.000	0
 7703090433927	MIRRINGO ORIGINAL X 500G	$0	$6.000	$0	N/A	0.000	0
 7706667032516	MIXTURA ABURRA 500 GR	$2.426	$3.900	$0	N/A	0.000	- Sin Departamento -
 7506174506681	MM CHOCOLATE 20 GR	$0	$2.000	$0	N/A	0.000	- Sin Departamento -
 7702007052985	MODIFR.CHOCOLISTO X 100G	$0	$4.000	$0	N/A	0.000	0
 7707310990498	MOGOLLA INTEGRAL X10	$0	$8.800	$0	N/A	0.000	0
 7702168893885	MOJITO CALDAS 	$0	$7.500	$0	N/A	0.000	- Sin Departamento -
 70847897781	MONSTER FRUTAS  ROSADO	$0	$8.500	$0	N/A	0.000	- Sin Departamento -
 70847034322	MONSTER GUARANA X 473 ML	$0	$8.500	$0	N/A	0.000	- Sin Departamento -
 70847004707	MONSTER GUARANA  X473 ML	$0	$8.500	$0	N/A	0.000	0
 70847038764	MONSTER MANGO LOCO X473 ML	$0	$8.500	$0	N/A	0.000	0
 7702007056396	MONTBLANC BLANCA ALMENDRA X 60 G	$0	$8.400	$0	N/A	0.000	0
 70847036463	MONTER ULTYRA  VIOLET X 473 ML	$0	$8.500	$0	N/A	0.000	- Sin Departamento -
 7701101351239	MORTADELA ZENU	$0	$7.500	$0	N/A	0.000	- Sin Departamento -
 7702439811327	MOSTAZA BARY X110 G	$0	$0	$0	0,00	0.000	0
 7702097148605	MOSTAZA CONSTANCIA X80G	$0	$1.700	$0	N/A	0.000	0
 7705326001580	MR BRAUNY	$0	$1.200	$0	N/A	0.000	- Sin Departamento -
 7705326079107	MR BROWN CHOCOLATE 18 G	$0	$1.200	$0	N/A	0.000	- Sin Departamento -
 7705326079060	MR BROWN CHOCOLATE X 65G	$0	$3.200	$0	N/A	0.000	0
 7705326839176	MR BROWNIE MILO	$0	$3.700	$0	N/A	0.000	- Sin Departamento -
 7591005981102	MR MUSCULO COCINA 250 ML	$0	$3.000	$0	N/A	0.000	0
 7702090030839	MR TEA LIMON X 1.5 L	$0	$5.500	$0	N/A	0.000	0
 7702090029819	MR TEA LIMON X 500 ML	$0	$3.000	$0	N/A	0.000	0
 7702090023855	MR TEAM LIMON X 300 ML	$0	$2.500	$0	N/A	0.000	- Sin Departamento -
 7705326079008	MR. BROWN AREQUIPE 75 G	$0	$3.700	$0	N/A	0.000	0
 7701101270059	MTDELA. TRADI. ZENU X 250 G	$0	$7.400	$0	N/A	0.000	0
 7707285980203	MULTIASEO DESENGRASANTE NARANJA X500ML	$0	$3.800	$0	N/A	0.000	0
 7707285980531	MULTIASEO JABON ANTIBACTERIAL	$0	$3.800	$0	N/A	0.000	0
 7707285980333	MULTIASEO LAVALOZA ALOE VERA Y LIMON X100ML	$0	$6.200	$0	N/A	0.000	0
 7707285980500	MULTIASEO LAVALOZA ALOE VERA Y LIMON X500ML	$0	$3.200	$0	N/A	0.000	0
 7707285980371	MULTIASEO LIMPIA VIDRIOS FRAGANCA LIMON X500ML	$0	$3.800	$0	N/A	0.000	0
 7707285980456	MULTIUSOS DESINFECTANTE  CANELA  500ML	$0	$2.600	$0	N/A	0.000	- Sin Departamento -
 7707285980401	MULTIUSOS LAVANDA 1000 ML	$0	$4.000	$0	N/A	0.000	- Sin Departamento -
 7707285980449	MULTIUSOS LAVANDA 500 ML	$0	$2.600	$0	N/A	0.000	- Sin Departamento -
 7702011163943	MUU CHOCOLATE 10 GR	$0	$600	$0	N/A	0.000	- Sin Departamento -
 7702047040041	Maizena	$0	$1.800	$0	N/A	0.000	- Sin Departamento -
 7702004025807	Malta	$0	$6.000	$0	N/A	0.000	- Sin Departamento -
 MALTA 	Malta 330 Plastico	$0	$3.000	$0	N/A	0.000	- Sin Departamento -
 7702189059437	Mani Mezcla	$0	$2.800	$0	N/A	0.000	- Sin Departamento -
 7708065304431	Mani Mixto Arandanos X45g	$0	$1.800	$0	N/A	0.000	- Sin Departamento -
 7702189059222	Mani Moto Salado	$0	$1.200	$0	N/A	0.000	- Sin Departamento -
 7702189059390	Mani Uvaas 	$0	$2.800	$0	N/A	0.000	- Sin Departamento -
 MARBORO	Marboro Unidad	$0	$1.000	$0	N/A	0.000	- Sin Departamento -
 5904543091493	Matrix	$0	$2.000	$0	N/A	0.000	- Sin Departamento -
 7702439902667	Mayonesa Bary 380g 	$0	$8.400	$0	N/A	0.000	- Sin Departamento -
 7702439392758	Mayonesa Bary X 110	$0	$2.000	$0	N/A	0.000	- Sin Departamento -
 7702024069676	Milo 100 Gr	$0	$5.400	$0	N/A	0.000	- Sin Departamento -
 1100010043	Minipel 	$0	$4.800	$0	N/A	0.000	- Sin Departamento -
 7702097137784	Mostaneza Rancho X 190gr	$0	$4.700	$0	N/A	0.000	- Sin Departamento -
 7702097148612	Mostaza La Constancia 190 Gr	$0	$6.000	$0	N/A	0.000	- Sin Departamento -
 7707273731015	N17 GEL FIJADOE X90G	$0	$1.700	$0	N/A	0.000	0
 7702097155641	NAPOLITANA 200G	$0	$5.600	$0	N/A	0.000	0
 7702097086259	NAPOLITANA SALSA X 106 GR	$0	$3.000	$0	N/A	0.000	0
 NAPROSENO500MG	NAPROSENO 500 MG	$0	$600	$0	N/A	0.000	- Sin Departamento -
 7706569001450	NAPROXENO 500 MG	$0	$600	$0	N/A	0.000	0
 7702090065527	NARANJA POSTOBON 1.5	$0	$5.000	$0	N/A	0.000	- Sin Departamento -
 7707270633114	NATILISTA NATILLA X1000G	$0	$27.500	$0	N/A	0.000	0
 7702788861288	NATILLA CARIBE COCO X300G	$0	$5.000	$0	N/A	0.000	0
 7709136737134	NATILLA LA COMARCA TRES LECHES 	$0	$5.000	$0	N/A	0.000	- Sin Departamento -
 7702047005248	NATILLA MAIZENA COCO	$0	$10.500	$0	N/A	0.000	- Sin Departamento -
 7709990486100	NATILLA TRADICIONAL LA COMARCA X300G	$0	$5.000	$0	N/A	0.000	0
 7702047037652	NATILLA TRADICIONAL MAIZENA	$0	$10.500	$0	N/A	0.000	- Sin Departamento -
 7707430873855	NATU MALTA  X 200 ML	$0	$1.500	$0	N/A	0.000	- Sin Departamento -
 7702090051575	NATU MALTA X 200ML	$0	$0	$0	0,00	0.000	0
 7702189045751	NATUCHIPS PLATANO MADURO X135G	$0	$8.000	$0	N/A	0.000	0
 7702189055484	NATUCHIPS PLATANO MADURO X38 G	$0	$2.500	$0	N/A	0.000	0
 7702189045720	NATUCHIPS PLATANOS VERDE FAMILIAR X 135G	$0	$8.000	$0	N/A	0.000	0
 7702189055453	NATUCHIPS PLATANOS VERDES X 38G	$1.594	$2.500	$0	N/A	0.000	0
 7702189060136	NATUCHIPS YUCA 	$0	$2.500	$0	N/A	0.000	- Sin Departamento -
 7702024871675	NESCAFE	$0	$4.800	$0	N/A	0.000	- Sin Departamento -
 7702024040446	NESCAFE SOBRE 10 GR	$0	$2.000	$0	N/A	0.000	- Sin Departamento -
 7702024066101	NESCAFE TRADICION X 1.5 G	$0	$400	$0	N/A	0.000	0
 7702024004677	NESCAFE TRADICION X 50GR	$0	$13.500	$0	N/A	0.000	- Sin Departamento -
 7702024026372	NESCAFE TRADICION  X 25 GR	$0	$3.000	$0	N/A	0.000	0
 NESCAFE	NESCAFE UNIDAD 	$0	$300	$0	N/A	0.000	- Sin Departamento -
 7613038640334	NESTUM TRIGO MIRL X25G	$0	$1.800	$0	N/A	0.000	0
 7702057161934	NIRAVER GRIPA Y TOS	$0	$2.900	$0	N/A	0.000	0
 7702025188819	NOEL SULTANA UNIDAD	$0	$1.000	$0	N/A	0.000	- Sin Departamento -
 7702057162399	NORAVER GARGANTA NARANJA Y MIEL	$0	$2.200	$0	N/A	0.000	0
 7702057161286	NORAVER GRIPA FAST TOTAL	$0	$0	$0	0,00	0.000	0
 7702057160975	NORAVER GRIPA NOCHE	$0	$0	$0	0,00	0.000	0
 7702057160968	NORAVER GRIPA NOCHE	$0	$3.200	$0	N/A	0.000	- Sin Departamento -
 NORAVERGRIPAYTOSFT	NORAVER GRIPA Y TOS F T	$0	$2.900	$0	N/A	0.000	- Sin Departamento -
 7702026158521	NOSOTRAS + BUENAS NOCHES	$0	$5.900	$0	N/A	0.000	- Sin Departamento -
 7702026149567	NOSOTRAS BUENAS NOCHES X10	$0	$9.600	$0	N/A	0.000	0
 7702027429354	NOSOTRAS DIA Y NOCHE	$2.758	$3.300	$0	N/A	0.000	0
 7702026177164	NOSOTRAS JAVON INTIMO X18ML	$0	$2.000	$0	N/A	0.000	0
 7702027416330	NOSOTRAS RAPIGEL-V X10	$4.809	$5.900	$0	N/A	0.000	- Sin Departamento -
 7702027444685	NOSOTRAS-DIARIO-MULT-ESTILOX15 UNIDADES	$0	$2.200	$0	N/A	0.000	0
 NOXPIRINPLUS	NOXPIRIN PLUS	$0	$2.000	$0	N/A	0.000	- Sin Departamento -
 7707355055008	NOXPIRIN SINUS	$0	$0	$0	0,00	0.000	0
 7702402058308	NUBE COLORIVA	$0	$3.200	$0	N/A	0.000	0
 NUCITA	NUCITA	$0	$1.200	$0	N/A	0.000	- Sin Departamento -
 7702011021915	NUCITA  CON AVELLANAS  14 GR	$549	$1.200	$0	N/A	0.000	- Sin Departamento -
 7702712001872	NUTRECAN  CROQUETAS ADULTO X 800 G	$0	$0	$0	0,00	0.000	0
 7702354957148	NUTRIBELA 	$0	$1.600	$0	N/A	0.000	- Sin Departamento -
 7702354953706	NUTRIBELA PROHIALURONICO	$0	$22.500	$0	N/A	0.000	- Sin Departamento -
 7702354957247	NUTRIBELA TRAT CEL MADRE X 27GR	$0	$1.600	$0	N/A	0.000	0
 7702354951924	NUTRIBELA TRATA REPOLARIZACION X 24ML	$0	$0	$0	0,00	0.000	0
 7702354949624	NUTRIBELA TRATAMIENTO ENZIMOTERAPIA X27G	$0	$1.600	$0	N/A	0.000	0
 7702354957254	NUTRIBELA TRATAMIENTO HIALURONICO X 27 ML	$0	$1.600	$0	N/A	0.000	- Sin Departamento -
 7702354942212	NUTRIBELA TRATAMIENTO NUTRICION X 27ML	$0	$1.600	$0	N/A	0.000	0
 7705326080073	NUTRIPAN ALIÑADO MAMA INES 13 PORC. 580 G VERIF PREC	$0	$6.200	$0	N/A	0.000	0
 NEXT	Next	$0	$1.400	$0	N/A	0.000	- Sin Departamento -
 7702057162412	Noraver Garganta	$0	$1.800	$0	N/A	0.000	- Sin Departamento -
 NOXPIRIN	Noxpirin Gripa	$0	$2.000	$0	N/A	0.000	- Sin Departamento -
 NUEZ	Nuez Moscada	$0	$1.500	$0	N/A	0.000	- Sin Departamento -
 7702354956363	Nutribela Acondicinador 	$0	$1.200	$0	N/A	0.000	- Sin Departamento -
 7702354948436	Nutribela Tratamiento	$0	$1.600	$0	N/A	0.000	- Sin Departamento -
 7891010254780	OB SUPER SUPER	$0	$10.500	$0	N/A	0.000	0
 7702084057064	OH MAI GAT 500GR	$0	$12.500	$0	N/A	0.000	- Sin Departamento -
 7702084057033	OH MAI GAT SEDENTARIOS 500 GR	$0	$12.500	$0	N/A	0.000	- Sin Departamento -
 7702084057095	OH MAIGAT CASEROX500 G	$0	$12.500	$0	N/A	0.000	0
 10250	OH MAIGAT SEDENTARIOX500 G	$8.541	$11.000	$0	N/A	0.000	0
 7702084057200	OHMAIGAT CASEROS X200 G	$0	$3.800	$0	N/A	0.000	0
 7702084057217	OHMAIGAT GATITOS X 200 G	$0	$3.800	$0	N/A	0.000	0
 7702084057002	OHMAIGAT GATITOS X 500G	$0	$12.500	$0	N/A	0.000	0
 7702084057194	OHMAIGAT GATOS INQUIETOS AVENTUREROS X 200 GR	$3.166	$3.800	$0	N/A	0.000	0
 7702084057187	OHMAIGAT SEDENTARIOS X 200 G	$0	$3.800	$0	N/A	0.000	0
 7702116000167	OILO SOYA 250ML	$2.919	$3.500	$0	N/A	0.000	0
 7702141005441	OILO SOYA 420 ML	$4.966	$6.000	$0	N/A	0.000	0
 6922235800580	OJITOS - GUMMY BALL - EYEBALL MIX	$0	$800	$0	N/A	0.000	0
 5000281005034	OLD PARR 12 AÑOS X 500 ML	$0	$109.000	$0	N/A	0.000	- Sin Departamento -
 OMEPRAZOL	OMEPRAZOL	$0	$500	$0	N/A	0.000	- Sin Departamento -
 7702189058614	ONDULADAS FLAMING HOT 35G	$0	$2.200	$0	N/A	0.000	0
 7702133006661	OREO COOKIES AND CREAM X4	$0	$0	$0	0,00	0.000	0
 7622202281969	OREO GOLDEN X6	$0	$1.500	$0	N/A	0.000	- Sin Departamento -
 7622202318474	OREO SELENA	$0	$3.000	$0	N/A	0.000	- Sin Departamento -
 7622202281938	OREO VAINILLA X4	$0	$1.200	$0	N/A	0.000	0
 7707247710039	ORO SEDA 20MTS	$0	$2.000	$0	N/A	0.000	0
 7707222552401	PACA LECHE ENTERA BETANIA	$0	$0	$0	0,00	0.000	0
 7702914606158	PACHAS AZJI CASERO 	$0	$2.000	$0	N/A	0.000	- Sin Departamento -
 7702914606127	PACHAS LIMON PIMIENTA 	$0	$2.000	$0	N/A	0.000	- Sin Departamento -
 7702914606097	PACHAS POLLO AGRIDULCE 	$0	$2.000	$0	N/A	0.000	- Sin Departamento -
 9255078601937	PAINT POP CHUPETA	$0	$500	$0	N/A	0.000	- Sin Departamento -
 7709990868531	PAJITA PITILLOS	$0	$2.000	$0	N/A	0.000	0
 7702402058445	PALETA COOKIES AND CREAM	$0	$1.500	$0	N/A	0.000	0
 7702402059589	PALETA DRACULA	$0	$5.200	$0	N/A	0.000	- Sin Departamento -
 7702402059565	PALETA MINIONS 65G	$0	$2.200	$0	N/A	0.000	- Sin Departamento -
 7702402058292	PALETA NUBE COLORIDA	$0	$2.000	$0	N/A	0.000	0
 7707015506093	PALILLOS EL SOL 	$0	$1.000	$0	N/A	0.000	- Sin Departamento -
 7509546676951	PALMOLIVE CARBON X110G	$0	$3.500	$0	N/A	0.000	0
 7707015507052	PALO HELADO X 100 UND	$0	$3.000	$0	N/A	0.000	0
 7703133021227	PALOMITAS DE CARAMELO X 68 G	$0	$2.000	$0	N/A	0.000	0
 7703133008846	PALOMITAS MIX CARAMELO 150 GR	$0	$5.000	$0	N/A	0.000	0
 7703133008181	PALOMITAS YUPI COOKIES CREAM 170GR	$0	$5.000	$0	N/A	0.000	0
 7707310993017	PAN ABRIL HOJALDRADO DE LECHE X 100 G	$0	$1.800	$0	N/A	0.000	0
 7705326078261	PAN BIMBO ARTESANO BLANCO 500 G	$6.167	$7.000	$0	N/A	0.000	0
 7705326018687	PAN BLANCO TAJADO  MAMA INES 420 G	$4.333	$5.200	$0	N/A	0.000	0
 PANBLANDITO	PAN BLANDITO	$0	$2.500	$0	N/A	0.000	- Sin Departamento -
 7707310992331	PAN CHOCOLO ABRIL X6	$0	$4.800	$0	N/A	0.000	0
 7707310994076	PAN CON MAIZ ABRIL	$3.700	$4.500	$0	N/A	0.000	- Sin Departamento -
 7702084900124	PAN CONCHAS X250G	$0	$2.200	$0	N/A	0.000	0
 7707310992348	PAN DE ABRIL - HOJALDRADO DE LECHE X 6 UNID. 300G	$0	$6.600	$0	N/A	0.000	0
 7707310994069	PAN DE ABRIL - PAN CHINO X 4 UNID 250 GR	$0	$4.500	$0	N/A	0.000	0
 7707310991525	PAN DE ABRIL PASTEL DE AREQUIPE X 5 UNID. PRECIO UNID. 1700	$0	$0	$0	0,00	0.000	0
 7707201106960	PAN DE YUCA LA 96	$0	$4.400	$0	N/A	0.000	0
 7702084900117	PAN FIDEOS X200G	$0	$2.200	$0	N/A	0.000	0
 7702084900087	PAN GUST SPAGUETTI250G	$0	$2.300	$0	N/A	0.000	0
 7705326001757	PAN HAMBURGUESA BIMBO DORADO	$0	$7.000	$0	N/A	0.000	- Sin Departamento -
 7702084137551	PAN HARINA DULCE CHOCOLO X 500G	$0	$2.700	$0	N/A	0.000	0
 7702084127330	PAN HARINA MAIZ BLANCA 500G	$0	$2.400	$0	N/A	0.000	0
 8654736254767	PAN LECHE TRADICIONAL	$4.500	$5.500	$0	N/A	0.000	- Sin Departamento -
 PANLECHEX5	PAN LECHE X 5	$0	$4.500	$0	N/A	0.000	- Sin Departamento -
 7707310991150	PAN MANTEQUILLA ABRIL	$0	$6.700	$0	N/A	0.000	0
 7705326019301	PAN PERRO 6 UNIDADES	$0	$4.400	$0	N/A	0.000	- Sin Departamento -
 7702788202807	PAN QUESO JUANCHO PAN X50GR	$900	$1.200	$0	N/A	0.000	- Sin Departamento -
 7707310990665	PAN SUAVE PAN DE ABRIL 380 G	$0	$5.500	$0	N/A	0.000	0
 7705326019288	PAN SUPER HAMBUERGUESA CON AJ. 4 UNID 350 G	$5.083	$6.000	$0	N/A	0.000	0
 7705326019318	PAN SUPER PERRO AJONJOLI 6 UNID- 405 G	$5.083	$6.000	$0	N/A	0.000	0
 7702788158548	PAN SUVE CHOCOLATE X50 GR	$900	$1.200	$0	N/A	0.000	- Sin Departamento -
 7707310990634	PAN TAJADO ABRIL	$0	$5.800	$0	N/A	0.000	0
 7705326625502	PAN TAJADO BIMBO X 470 GR	$5.000	$6.000	$0	N/A	0.000	0
 7705326100597	PAN TAJADO DORADO BIMBO 460G	$0	$7.300	$0	N/A	0.000	- Sin Departamento -
 7705326019264	PAN TAJADO INTEGRAL MAMA INES 440 G	$5.500	$6.800	$0	N/A	0.000	0
 7705326072399	PAN TAJADO SABOR MANTEQUILLA 420 GR	$0	$5.800	$0	N/A	0.000	0
 7707310990450	PAN TRENZA ABRIL	$0	$5.400	$0	N/A	0.000	0
 7707290711465	PANELA INDIVIDUAL	$0	$1.000	$0	N/A	0.000	0
 7702088206765	PANELA TARRO TRONQUITOS 900G	$0	$0	$0	0,00	0.000	0
 7709009539421	PANELA X 4 835 GR	$0	$6.400	$0	N/A	0.000	0
 7702354950347	PANELADA PANELA LIMON X29 G	$0	$1.500	$0	N/A	0.000	0
 PANELITA	PANELITA	$0	$1.100	$0	N/A	0.000	- Sin Departamento -
 7703111002439	PANELITA COPELIA	$0	$1.000	$0	N/A	0.000	0
 PANELITAS600	PANELITAS 600	$0	$600	$0	N/A	0.000	- Sin Departamento -
 PANELITASCAFES	PANELITAS CAFES	$0	$1.000	$0	N/A	0.000	- Sin Departamento -
 7705326020130	PANQUE SABOR MORA Y TRES LECH 55 G	$0	$2.400	$0	N/A	0.000	0
 7705326076588	PANQUE1 VAINILLA BIMBO X60G	$0	$2.400	$0	N/A	0.000	0
 7500435143769	PANTENE CREMA PARA PEINAR	$0	$1.200	$0	N/A	0.000	0
 7500435151320	PANTENE PRO-V MIRACLES	$0	$1.600	$0	N/A	0.000	0
 13005051031	PAPA ARTESANAL LIMON 125G	$0	$5.000	$0	N/A	0.000	- Sin Departamento -
 7702189053794	PAPA MARGARITA LOMON FAMILIAR X 105G	$4.985	$7.000	$0	N/A	0.000	0
 7702189053848	PAPA MARGARITA OND TOMATE FAMILIAR X 105G	$0	$7.000	$0	N/A	0.000	0
 7702189057815	PAPA MARGARITA ONDULADA MAYONESA X 35G	$0	$2.500	$0	N/A	0.000	0
 7702189053770	PAPA MARGARITA POLLO FAMILIAR X 105G	$0	$7.000	$0	N/A	0.000	0
 7702189056030	PAPA NATURAL MARGAR 36G	$0	$2.300	$0	N/A	0.000	0
 7702189057822	PAPA ONULADA TOMATE X 35G	$0	$2.500	$0	N/A	0.000	0
 7702189056047	PAPA POLLO MARGAR X 36G	$0	$2.500	$0	N/A	0.000	0
 7703133013420	PAPA RIZADA LIMON X 36G	$0	$2.200	$0	N/A	0.000	0
 7703133013406	PAPA RIZADA MAYONESA X 36G	$0	$2.200	$0	N/A	0.000	0
 1717851845207	PAPAS ARTESANALES NATURALES	$0	$5.000	$0	N/A	0.000	0
 7709990576818	PAPAS DE LIMON X 25GR	$0	$3.000	$0	N/A	0.000	- Sin Departamento -
 7702788305102	PAPAS LIMON  CARIBE  80 GR	$2.446	$5.700	$0	N/A	0.000	- Sin Departamento -
 7702914596213	PAPAS LIMON - RAMO 25 GR	$0	$0	$0	0,00	0.000	0
 7702788305201	PAPAS LIMON PIMIENTA - PROD CARIBE  80 GR	$0	$5.700	$0	N/A	0.000	0
 7702189056016	PAPAS MARGARITA  BBQ MAS  PAPAS 36 GR	$0	$2.500	$0	N/A	0.000	- Sin Departamento -
 7702189053831	PAPAS MARGARITA OND MAYONESA 105 GR	$0	$7.000	$0	N/A	0.000	- Sin Departamento -
 7708226039356	PAPAS MECHIPS LIMON PIMIENT	$0	$3.700	$0	N/A	0.000	0
 7702189053787	PAPAS NATURAL MARGARITA X105	$0	$7.000	$0	N/A	0.000	0
 7702189056740	PAPAS POLLO MARGARITA 65 G	$0	$0	$0	0,00	0.000	0
 7703133014458	PAPAS RIZADAS	$0	$2.500	$0	N/A	0.000	- Sin Departamento -
 7717327113223	PAPEL ALUMINIO 1LU-MAS 16	$0	$5.400	$0	N/A	0.000	0
 7717397113222	PAPEL ALUMINIO 1LU-MAS 40	$0	$0	$0	0,00	0.000	0
 7717977913228	PAPEL ALUMINIO 1LU-MAS 8	$0	$3.500	$0	N/A	0.000	0
 7702409026102	PAPEL CHICLE	$0	$0	$0	0,00	0.000	0
 7702409002502	PAPEL CHICLE 3800	$0	$11.600	$0	N/A	0.000	0
 7702409026300	PAPEL CHLICLE	$0	$0	$0	0,00	0.000	0
 7707199344979	PAPEL ELITE TRIPLE HOJA	$0	$2.300	$0	N/A	0.000	0
 7707199348380	PAPEL HIGIENICO ELITE  DUO 36 MT	$0	$2.500	$0	N/A	0.000	- Sin Departamento -
 7702425093416	PAPEL HIGIENICO SCOTT MAX	$0	$1.600	$0	N/A	0.000	- Sin Departamento -
 7703486035315	PAPER MATE LAPICERO AZUL	$0	$0	$0	0,00	0.000	0
 71641204171	PAPER MATE LAPICERO RETRACTIL NEGRO	$0	$0	$0	0,00	0.000	0
 71641204188	PAPER MATE LAPICERO ROJO	$0	$0	$0	0,00	0.000	0
 7703486011722	PAPER MATE LAPIZ NEGRO	$0	$1.200	$0	N/A	0.000	0
 7702005602519	PAQUETE DE CHESTERFIELD	$0	$12.000	$0	N/A	0.000	- Sin Departamento -
 7709010537720	PASABOCAS FESTIN	$0	$600	$0	N/A	0.000	- Sin Departamento -
 7709989929656	PASABOCAS LIMON	$0	$600	$0	N/A	0.000	- Sin Departamento -
 7707373040017	PASABOCAS LIMON ROSQUILLAS 12G	$0	$600	$0	N/A	0.000	0
 300000009850523	PASPAS LIMON ARTESANAL	$0	$5.000	$0	N/A	0.000	- Sin Departamento -
 7702097037565	PASTA DE TOMATE  LA CONSTANCIA X 200 GR	$0	$6.700	$0	N/A	0.000	- Sin Departamento -
 7702085005842	PASTAS DORIA X300G	$1.888	$2.300	$0	N/A	0.000	0
 PASTELABRILGUAYABA	PASTEL ABRIL GUAYABA	$0	$2.000	$0	N/A	0.000	- Sin Departamento -
 PASTELAREQUIPEABRIL	PASTEL AREQUIPE ABRIL	$0	$2.000	$0	N/A	0.000	- Sin Departamento -
 PASTELAREQUIPE	PASTEL AREQUIPE UNIDAD	$0	$1.500	$0	N/A	0.000	- Sin Departamento -
 PASTELGUAYABAPANDEAB	PASTEL DE GUAYABA PAN DE ABRIL	$0	$2.000	$0	N/A	0.000	- Sin Departamento -
 7709816239286	PASTEL DE POLLO JAF X 500 G	$0	$0	$0	0,00	0.000	0
 7707290711946	PASTEL HOJALDRADO LAS CASER 50 G	$0	$2.400	$0	N/A	0.000	0
 PASTILLAMAREOLUNI	PASTILLA MAREOL UNIDAD	$0	$800	$0	N/A	0.000	- Sin Departamento -
 7706263202603	PAX DIA	$0	$2.600	$0	N/A	0.000	0
 7706263202627	PAX NOCHE	$0	$2.600	$0	N/A	0.000	0
 7706127006781	PAX NOCHE	$0	$2.600	$0	N/A	0.000	- Sin Departamento -
 PAXNOCHESOBRE	PAX NOCHE SOBRE	$0	$2.600	$0	N/A	0.000	- Sin Departamento -
 7702026147631	PAÑ HUM PEQ ALMENDRA X 100	$0	$13.500	$0	N/A	0.000	0
 7702026152536	PAÑ HUM PEQ MANZANILLA X 80	$0	$5.200	$0	N/A	0.000	0
 7701021118912	PAÑAL WINNY ETAPA 6 	$0	$2.100	$0	N/A	0.000	- Sin Departamento -
 7702026313814	PAÑITOS ALOE VERA PEQUEÑIN X100	$9.950	$13.500	$0	N/A	0.000	0
 7702026312251	PAÑITOS ALOE X24	$0	$4.000	$0	N/A	0.000	- Sin Departamento -
 6971109091807	PAÑITOS DAMPY X12	$0	$1.500	$0	N/A	0.000	- Sin Departamento -
 7702026147594	PAÑITOS PEQUEÑIN ALMENDRA X24	$0	$4.000	$0	N/A	0.000	0
 7702026142858	PAÑITOS PETYS ESENCIAL X 50	$0	$7.800	$0	N/A	0.000	0
 7501033957413	PEDIALYTE ACTIVE FRESA 500ML	$0	$0	$0	0,00	0.000	0
 7501033959967	PEDIALYTE CEREZA	$0	$11.000	$0	N/A	0.000	- Sin Departamento -
 7501033961557	PEDIALYTE FRESA 500ML	$0	$11.000	$0	N/A	0.000	- Sin Departamento -
 7501033957369	PEDIALYTE MAX 60 MANZANA X500ML	$0	$0	$0	0,00	0.000	0
 7501033957376	PEDIALYTEN UVAX500ML	$0	$11.000	$0	N/A	0.000	0
 706460249484	PEDIGREE 	$0	$3.400	$0	N/A	0.000	- Sin Departamento -
 7506174515096	PEDIGREE	$0	$3.400	$0	N/A	0.000	- Sin Departamento -
 7506174516154	PEDIGREE PAVO Y ZANAHORIA 100 GR	$0	$3.400	$0	N/A	0.000	- Sin Departamento -
 7501033961540	PEDYALITE MAX COCO 500ML	$0	$0	$0	0,00	0.000	0
 7708827478059	PEGA LOCA INFINITA	$0	$1.000	$0	N/A	0.000	0
 7708705609131	PEGA LOCA INFINITA SUPERPEGA INFP15	$0	$0	$0	0,00	0.000	0
 PEINETANEGRA	PEINETA NEGRA	$0	$500	$0	N/A	0.000	- Sin Departamento -
 PEINE	PEINETA PIOJOS	$0	$1.000	$0	N/A	0.000	- Sin Departamento -
 7705326079121	PEKITAS MARINELA 33 G	$0	$2.500	$0	N/A	0.000	0
 7702192705895	PEPSI ZERO 1 LT	$0	$3.500	$0	N/A	0.000	- Sin Departamento -
 7702026148126	PEQUEÑIN PAÑITOS X16	$0	$2.500	$0	N/A	0.000	0
 7702026148560	PH EXTRAGRANDE FLIA X 4	$0	$8.900	$0	N/A	0.000	0
 7702026152604	PH FLIA GREEN X1 ROLLO	$0	$0	$0	0,00	0.000	0
 8720169309081	PHILIPS COHOME 10 W	$0	$4.800	$0	N/A	0.000	- Sin Departamento -
 7702011271594	PIAZA BARQUILLO	$0	$500	$0	N/A	0.000	0
 7702914602129	PIC MIX LIMON PICANTE X 45G	$0	$2.800	$0	N/A	0.000	0
 7702005001015	PIEL ROJA	$0	$6.500	$0	N/A	0.000	0
 703980851609	PIERNA AHUMADA FILEMONT X 450 G	$0	$11.900	$0	N/A	0.000	0
 703980851517	PIERNA DE CERDO FILEMONT X 450 G	$0	$0	$0	0,00	0.000	0
 703980851586	PIERNA FINAS HIERBAS FILEMONT X 450 G	$0	$11.900	$0	N/A	0.000	0
 7707822753697	PILA AAA TRONEX	$0	$2.300	$0	N/A	0.000	- Sin Departamento -
 25215961724	PILA ALCALINA MAXELL AAA	$0	$0	$0	0,00	0.000	0
 7707822752515	PILA ALCALINA TRONEX AA BLISTER X 2	$0	$5.600	$0	N/A	0.000	0
 7707822757541	PILA ALCALINA TRONEX AAA BLISTER X2	$0	$5.600	$0	N/A	0.000	0
 41333431482	PILA X 2 DURACELL	$0	$0	$0	0,00	0.000	0
 7707822753826	PILAS TRONEX GRANDES X2 UND REDONDAS	$0	$15.800	$0	N/A	0.000	0
 PILSENVIDRIOLT	PILSEN LITRO VIDRIO 	$0	$8.000	$0	N/A	0.000	- Sin Departamento -
 7707014902841	PIMPOM BIGBOM XXL X48	$0	$0	$0	0,00	0.000	0
 7707015506321	PINCHJO GRUESO BANBU 100 UN	$0	$4.000	$0	N/A	0.000	- Sin Departamento -
 7705326020154	PINGUINO CHOCOLATE X 80G	$0	$3.900	$0	N/A	0.000	0
 7705326080660	PINGUINOS   20 GR	$0	$1.200	$0	N/A	0.000	- Sin Departamento -
 7705326088574	PINGUINOS COOKIES CREAM	$0	$3.900	$0	N/A	0.000	0
 7705326080943	PINGUINOS MARINELA 3 UNID. 120 G	$0	$0	$0	0,00	0.000	0
 7705326053206	PINGUINOS MARINELA X 80 GR	$0	$3.700	$0	N/A	0.000	0
 7705326080776	PIOLO AREQUIPE X 45 G	$0	$2.500	$0	N/A	0.000	0
 7702914602952	PISAOS PLATANO VERDE	$0	$0	$0	0,00	0.000	0
 7702914604734	PISAOS RAMO	$0	$7.600	$0	N/A	0.000	- Sin Departamento -
 8765928374597	PLATINO LAPICERO PUNTA FINA GEL	$0	$1.500	$0	N/A	0.000	0
 7702458002966	PLATO HONDO 30 OZ  DARNEL X20 UNID	$0	$7.200	$0	N/A	0.000	0
 658325853742	PLUMA BLANCA DESINFECTANTE 750ML	$0	$1.700	$0	N/A	0.000	0
 7702402058186	POLET CARAMELO CROCANTE	$0	$7.000	$0	N/A	0.000	- Sin Departamento -
 7702402057684	POLET FRUTOS DEL BOSQUE	$0	$6.000	$0	N/A	0.000	- Sin Departamento -
 7705326018328	POLVO DE BISCOCHO MAMAINES 250 G	$0	$5.000	$0	N/A	0.000	0
 7702166005051	POLVO LIMPIADOR 1 A X 500G	$0	$0	$0	0,00	0.000	0
 7702006402583	PONDS CREMA AZUL	$0	$2.300	$0	N/A	0.000	- Sin Departamento -
 7705326079152	PONQUE BIMBO X220 G	$0	$6.500	$0	N/A	0.000	0
 7702914594462	PONQUE RAMO TRADICIONAL X230 G	$0	$6.200	$0	N/A	0.000	0
 7702914599375	PONQUE VINO RAMO X220G	$0	$0	$0	0,00	0.000	0
 PONYMALTAVIDRIO330	PONY MALTA  VIDRIO 330	$0	$3.000	$0	N/A	0.000	- Sin Departamento -
 7702004025890	PONY MALTA 2L	$0	$7.000	$0	N/A	0.000	- Sin Departamento -
 7702004013668	PONY MALTA MINI X200 ML	$0	$1.500	$0	N/A	0.000	0
 7702004013484	PONY MALTA PET X330 ML	$0	$3.000	$0	N/A	0.000	0
 7702004013514	PONY MALTA X 1.5 LT	$0	$6.000	$0	N/A	0.000	0
 7702004013842	PONY MALTA X 1LT	$0	$4.500	$0	N/A	0.000	0
 7702004025036	PONY MALTA X 2L	$0	$7.000	$0	N/A	0.000	0
 7702090029543	POSTOBON BRETAÑA PET  X 1.5L	$0	$5.000	$0	N/A	0.000	0
 7702090033175	POSTOBON KOLA	$0	$1.500	$0	N/A	0.000	- Sin Departamento -
 7709717312446	POWER ESPONJA ACERO	$0	$2.000	$0	N/A	0.000	- Sin Departamento -
 7702535009994	POWERADE AZUL 500 ML	$0	$3.500	$0	N/A	0.000	0
 7702535009987	POWERADE FRUTAS TROPOICALES  5000 ML	$0	$5.000	$0	N/A	0.000	0
 7701101245378	PRACTICARNE ZENU X 200 GR	$0	$9.500	$0	N/A	0.000	0
 7702535012055	PREMIO  ROJO  X 400 ML	$0	$3.000	$0	N/A	0.000	- Sin Departamento -
 7702535001912	PREMIO X3L	$0	$0	$0	0,00	0.000	0
 7702177024447	PREPARACIONES CALIENTESV125G	$0	$3.500	$0	N/A	0.000	- Sin Departamento -
 4005800108532	PRESERVATIVOS DUO X2	$0	$0	$0	0,00	0.000	0
 7702018880409	PRESTOBARBA GILLETTE 3 HOJAS	$0	$4.800	$0	N/A	0.000	0
 6936760838291	PRIV BAR FLORIDA LIMONADE	$0	$25.000	$0	N/A	0.000	- Sin Departamento -
 7702025120000	PROTE CARVE PL X165GR	$0	$0	$0	0,00	0.000	0
 7702113043310	PROTECTOR SOLAR TANGA 13 GR	$0	$25.200	$0	N/A	0.000	- Sin Departamento -
 7702031501398	PROTECTORES CARE FREE X15	$0	$2.600	$0	N/A	0.000	0
 7702027434242	PROTECTORES LARGOS NOSOTRAS X10	$0	$2.200	$0	N/A	0.000	0
 7702027434020	PROTECTORES NOSOTRAS DIARIOS NORMAL TELA X 15	$0	$2.200	$0	N/A	0.000	0
 7702010420382	PROTEX	$0	$3.700	$0	N/A	0.000	- Sin Departamento -
 7509546693552	PROTEX JABON AVENA Y CACAO X110G	$0	$3.700	$0	N/A	0.000	0
 7509546693521	PROTEX JABON GLICERINA  110 GR	$0	$3.700	$0	N/A	0.000	- Sin Departamento -
 7702010420917	PROTEX JABON MACADAMIA 110 GR	$0	$3.700	$0	N/A	0.000	- Sin Departamento -
 7702010420849	PROTEX OMEGA3	$0	$3.700	$0	N/A	0.000	- Sin Departamento -
 7702007062502	PSTILLA CHOCOLATE TESALIA X25 G	$0	$1.200	$0	N/A	0.000	0
 7702521149741	PURINA  DOG CHOW  CACHORROS 475 GR	$0	$5.450	$0	N/A	0.000	- Sin Departamento -
 7702521105884	PURINA DOG CHOW  1.8 AÑOS	$0	$5.200	$0	N/A	0.000	- Sin Departamento -
 6999859880120	PURUMUSIC M 12	$0	$17.000	$0	N/A	0.000	- Sin Departamento -
 7509546677019	Palmolive	$0	$3.700	$0	N/A	0.000	- Sin Departamento -
 7709453046148	Panala Las Delicias 800gr	$0	$6.000	$0	N/A	0.000	- Sin Departamento -
 7709990021332	Panela 	$0	$6.400	$0	N/A	0.000	- Sin Departamento -
 7707325970010	Panela Marquesa	$6.400	$7.800	$0	N/A	0.000	- Sin Departamento -
 7702354950354	Panelada	$0	$1.500	$0	N/A	0.000	- Sin Departamento -
 7702354958664	Panelada	$0	$1.500	$0	N/A	0.000	- Sin Departamento -
 7500435247986	Pantene  Shampoo	$0	$1.200	$0	N/A	0.000	- Sin Departamento -
 6930501059624	Papel Aluminio	$0	$3.500	$0	N/A	0.000	- Sin Departamento -
 PASTILLASDULCES	Pastillas Dulces	$0	$500	$0	N/A	0.000	- Sin Departamento -
 706460249361	Pedigre X100g	$0	$3.400	$0	N/A	0.000	- Sin Departamento -
 7506174515089	Pedigree	$0	$3.400	$0	N/A	0.000	- Sin Departamento -
 7896029019009	Pedigree	$0	$3.400	$0	N/A	0.000	- Sin Departamento -
 706460249316	Pedigree Cachorro	$0	$3.400	$0	N/A	0.000	- Sin Departamento -
 706460249286	Pedigree X100g	$0	$3.400	$0	N/A	0.000	- Sin Departamento -
 706460249279	Pedigree X100g	$0	$3.400	$0	N/A	0.000	- Sin Departamento -
 7707822755271	Pilas Tronex AA ECONOMICAS	$0	$2.600	$0	N/A	0.000	- Sin Departamento -
 7702011021106	Pirulito Leche X 24 Und	$0	$5.000	$0	N/A	0.000	- Sin Departamento -
 7702011020987	Pirulito Surtido X24 Und	$0	$5.000	$0	N/A	0.000	- Sin Departamento -
 7702402059299	Polet	$0	$7.000	$0	N/A	0.000	- Sin Departamento -
 7705326016553	Ponque BIMBO 3 Leches 55g	$0	$2.400	$0	N/A	0.000	- Sin Departamento -
 7702004025753	Pony Malta 1 L	$0	$4.500	$0	N/A	0.000	- Sin Departamento -
 7509546680422	Protex Carbon	$0	$3.700	$0	N/A	0.000	- Sin Departamento -
 7702010097966	Protex Duo 	$0	$3.700	$0	N/A	0.000	- Sin Departamento -
 7702189053282	QUACKER INTEGRA. GRANOLA - AJON. 30G	$0	$0	$0	0,00	0.000	0
 7702189053336	QUAKER INTEGRAL 30 GR	$0	$1.600	$0	N/A	0.000	- Sin Departamento -
 7707222550049	QUECITO BETANIA X 400 GR	$0	$8.800	$0	N/A	0.000	- Sin Departamento -
 7707222550063	QUESITO BETANIA 200G	$0	$4.700	$0	N/A	0.000	0
 7.70253501205577E19	QUESITO BETANIA X 400GR	$0	$0	$0	0,00	0.000	0
 7707222550551	QUESITO BETANIA X500GR	$0	$11.500	$0	N/A	0.000	0
 7702129014298	QUESITO MONTEFRIO CAJITA COLANTA X 200 G	$0	$4.700	$0	N/A	0.000	0
 7702129014243	QUESITO MONTEFRIO COLANTA X 380 G	$7.120	$8.800	$0	N/A	0.000	0
 7702129014083	QUESITO MONTEFRIO COLANTA X200G	$3.910	$4.700	$0	N/A	0.000	- Sin Departamento -
 7702001011308	QUESO CREMA ALPINA 200G	$0	$7.200	$0	N/A	0.000	- Sin Departamento -
 7702129025034	QUESO CREMA COLANTA X 150 G	$0	$4.600	$0	N/A	0.000	0
 7702129025201	QUESO CREMA COLANTA X 230 GR	$0	$6.200	$0	N/A	0.000	0
 7702129025157	QUESO CREMA COLANTA X 400 GR	$0	$10.500	$0	N/A	0.000	0
 7702129020626	QUESO DOBLE CREMA COLANTA	$0	$11.500	$0	N/A	0.000	0
 7702129020800	QUESO MOZARELLA TAJADO COLANTA X  250 GR	$0	$11.500	$0	N/A	0.000	0
 7707269726216	QUESO MOZARELLA X200 GR	$0	$0	$0	0,00	0.000	0
 7702222002468	QUESO PARMESANO RALLADO DEL VECCHIO X 100G	$0	$8.500	$0	N/A	0.000	0
 7702001012053	QUESO PARMESANO X 100 GR	$0	$11.500	$0	N/A	0.000	0
 7702001012022	QUESO PARMESANO X 40 GR	$0	$4.900	$0	N/A	0.000	0
 7707290710420	QUESUDITO SNACK 	$0	$2.400	$0	N/A	0.000	- Sin Departamento -
 77040985	QUINBAYA  X2	$0	$0	$0	0,00	0.000	0
 7702354948092	QUIPITOS	$0	$0	$0	0,00	0.000	0
 7702354930783	QUIPITOS X 8 G	$0	$600	$0	N/A	0.000	0
 7702001011315	Queso Crema Alpina 380g	$0	$13.000	$0	N/A	0.000	- Sin Departamento -
 7501032926199	RAID MAX 241 GR	$0	$15.900	$0	N/A	0.000	- Sin Departamento -
 8719200453128	RAMA X 225G	$0	$0	$0	0,00	0.000	0
 7891079013786	RAMEL CAMARON	$0	$3.200	$0	N/A	0.000	- Sin Departamento -
 7891079014042	RAMEL CARNE	$0	$3.200	$0	N/A	0.000	- Sin Departamento -
 7891079013335	RAMEL COSTILLA	$0	$3.200	$0	N/A	0.000	- Sin Departamento -
 7891079014066	RAMEL POLLO	$0	$3.300	$0	N/A	0.000	- Sin Departamento -
 7891079013939	RAMEL POLLO PICANTE	$0	$3.200	$0	N/A	0.000	- Sin Departamento -
 7891079012444	RAMEL VERDURAS	$0	$3.200	$0	N/A	0.000	- Sin Departamento -
 7702914606530	RAMITO CUMPLEAÑOS X2	$0	$2.000	$0	N/A	0.000	- Sin Departamento -
 7702914598842	RAMITO X2	$0	$2.000	$0	N/A	0.000	0
 7702914594479	RAMO CHOCOLATE X 230G	$0	$8.300	$0	N/A	0.000	0
 7702914602372	RAMO FRUTOS SILVESTRES X 230 GR	$0	$9.300	$0	N/A	0.000	- Sin Departamento -
 7702914605823	RAMO GANSITO BOMBON 48 GR	$0	$3.000	$0	N/A	0.000	- Sin Departamento -
 7702914603980	RAMO SELECTA CAFE X230G	$0	$0	$0	0,00	0.000	0
 7702914605304	RAMO SELECTA RON  X260G	$0	$0	$0	0,00	0.000	0
 HTTPSÑ--WA.LINK-PEPS	RECETA CLASICA 	$0	$4.200	$0	N/A	0.000	- Sin Departamento -
 7709136653540	RECOJEDOR SUCARY	$0	$6.200	$0	N/A	0.000	- Sin Departamento -
 7707346260053	RECOLECTOR  CROPOLOGICO	$0	$800	$0	N/A	0.000	- Sin Departamento -
 9002490100070	REDBULL ORIGINAL X250 ML	$0	$7.000	$0	N/A	0.000	0
 7702354955724	REFERSCO BOKA LIMA LIMON X 10 GR	$0	$800	$0	N/A	0.000	- Sin Departamento -
 7702354956790	REFRESCO BOKA COROZ0 X 10 GR	$0	$800	$0	N/A	0.000	- Sin Departamento -
 7702354956684	REFRESCO BOKA DURAZNO 10 GR	$0	$800	$0	N/A	0.000	- Sin Departamento -
 7702354956806	REFRESCO BOKA FRESA	$0	$800	$0	N/A	0.000	- Sin Departamento -
 7702354956707	REFRESCO BOKA GUANABANAQ X 10 GR	$0	$800	$0	N/A	0.000	- Sin Departamento -
 7702354955786	REFRESCO BOKA MANDARINA X 10 GR	$0	$800	$0	N/A	0.000	- Sin Departamento -
 7702354955731	REFRESCO BOKA NARANJA  X 10 GR	$0	$800	$0	N/A	0.000	- Sin Departamento -
 7702354956677	REFRESCO BOKA X 10 GR	$0	$800	$0	N/A	0.000	- Sin Departamento -
 7702354955656	REFRESCO BPOKA PANELA LIMON X 10 GR	$0	$800	$0	N/A	0.000	- Sin Departamento -
 703980851975	RES FREIR FILEMON X100G	$0	$0	$0	0,00	0.000	0
 7702006206808	REXONA CLINICAL MEN 30 GR	$0	$4.500	$0	N/A	0.000	- Sin Departamento -
 7702006206815	REXONA CLINICAL MUJER X 30 GR	$0	$4.500	$0	N/A	0.000	- Sin Departamento -
 7702193149339	RICA AVENA QUAKER 55GR	$0	$1.500	$0	N/A	0.000	0
 RICOSTILLACUBOUNID	RICOSTILLA CUBO UNIDAD	$0	$500	$0	N/A	0.000	- Sin Departamento -
 RICOSTILLADESMENUZAD	RICOSTILLA DESMENUZADO 	$0	$500	$0	N/A	0.000	- Sin Departamento -
 7703090094357	RINGO CACHORROS X1KG	$0	$6.600	$0	N/A	0.000	0
 7703090112426	RINGO ORIGINAL ADULTO X 1KG	$0	$6.600	$0	N/A	0.000	0
 7703090810117	RINGO PRO ADULTO X1 KL	$0	$6.900	$0	N/A	0.000	0
 7622201389895	RITZ QUESO X 30G	$0	$1.600	$0	N/A	0.000	0
 7622201390112	RITZ ROLLO  52.5 GR	$0	$2.000	$0	N/A	0.000	0
 7703133010160	RIZADA FAMILIAR LIMON X105 G	$0	$6.600	$0	N/A	0.000	0
 7703133010184	RIZADAS MAYONESA 105G	$0	$6.500	$0	N/A	0.000	0
 7703133010177	RIZADAS TOMATE 105 G	$0	$6.600	$0	N/A	0.000	0
 8410525159039	ROLLER FANTASIA	$0	$1.500	$0	N/A	0.000	- Sin Departamento -
 7702303963527	ROMANS MORADO	$0	$4.500	$0	N/A	0.000	- Sin Departamento -
 7702168213508	RON CALDAS 1/4	$0	$22.000	$0	N/A	0.000	0
 7702168217308	RON CALDAS 750 ML	$28.200	$55.000	$0	N/A	0.000	- Sin Departamento -
 7702168211504	RON CALDAS SHOTS	$0	$6.000	$0	N/A	0.000	- Sin Departamento -
 7702049101160	RON MEDELLIN 3 AÑOS  X 260 ML	$0	$20.000	$0	N/A	0.000	- Sin Departamento -
 7702049100583	RON MEDELLIN 3 AÑOS TRADICIONAL	$0	$30.000	$0	N/A	0.000	0
 7702049100613	RON MEDELLIN AÑEJO 3 AÑOS X 2000 ML	$0	$127.000	$0	N/A	0.000	- Sin Departamento -
 7702439845827	ROSADA BARY DOY PACK 140GRM	$0	$2.900	$0	N/A	0.000	0
 7707310990221	ROSCON CON AREQUIPE 280 GR	$0	$5.200	$0	N/A	0.000	0
 7707310990214	ROSCON DE GUAYABA 280 GR	$0	$5.200	$0	N/A	0.000	0
 7709990105667	ROSQUILLAS HORNEADAS X60G	$0	$4.200	$0	N/A	0.000	0
 7707201106946	ROSQUILLAS LA 96	$0	$2.200	$0	N/A	0.000	0
 7707201100142	ROSQUILLAS LA 96 FAMILIAR 120G	$0	$7.400	$0	N/A	0.000	0
 7707290710017	ROSQUITAS CASERITAS X16G	$0	$1.500	$0	N/A	0.000	0
 7707290710031	ROSQUITAS CASERITAS X50G	$0	$4.000	$0	N/A	0.000	0
 7707290711281	ROSQUITAS CASERITAS  X 30G	$0	$2.600	$0	N/A	0.000	0
 7709586559843	ROSQUITAS NAKI X18G	$0	$1.000	$0	N/A	0.000	0
 7702303006354	ROTHMAN ROJO	$0	$4.500	$0	N/A	0.000	0
 7702303537643	ROTHMANS NEGRO	$0	$4.500	$0	N/A	0.000	0
 77064981	ROTHMANS OF LONDON	$0	$0	$0	0,00	0.000	0
 7703133013444	Rizadas	$0	$2.500	$0	N/A	0.000	- Sin Departamento -
 7702097138736	S SOYA LA CONSTANCIA X100GR	$0	$2.200	$0	N/A	0.000	0
 7702097148636	S TOMATE LA CONSTANCIA X80GR	$0	$1.700	$0	N/A	0.000	0
 6580901071018	SACAPUNTAS METAL	$0	$600	$0	N/A	0.000	0
 7702204694216	SAL DE AJO EXTRA 55 GR	$0	$1.400	$0	N/A	0.000	0
 7702057802110	SAL DE FRUTAS	$0	$3.000	$0	N/A	0.000	- Sin Departamento -
 7702057804855	SAL DE FRUTAS LUA	$0	$3.000	$0	N/A	0.000	0
 SALDEFRUTASLUAPLUSUN	SAL DE FRUTAS LUA PLUS UN	$0	$3.000	$0	N/A	0.000	- Sin Departamento -
 7703812012935	SAL MARINA  REFISALX 110G	$0	$0	$0	0,00	0.000	0
 7703812101202	SAL REFISAL 1000 GR	$0	$2.800	$0	N/A	0.000	0
 7703812101103	SAL REFISAL X 500 GR	$0	$1.500	$0	N/A	0.000	0
 7702097148520	SALASA BBQ X80 GR	$0	$1.700	$0	N/A	0.000	- Sin Departamento -
 7701101242049	SALCH VIENA ZENU X 150G	$0	$6.000	$0	N/A	0.000	0
 7701101247112	SALCH. RANCHERA TRIPACK X 75G	$0	$4.600	$0	N/A	0.000	0
 7701101357927	SALCH. TRAD ZENU TRIPACK X 102 G	$0	$4.000	$0	N/A	0.000	0
 7706667990502	SALCH. VIENA ABURRA 150G	$3.400	$4.200	$0	N/A	0.000	0
 7701101358245	SALCH.RANCHERA PENTAPACK X 115 GR	$0	$6.600	$0	N/A	0.000	0
 7701101261071	SALCH.TRADI. ZENU X 225G	$0	$9.200	$0	N/A	0.000	0
 7707195160443	SALCHICHA MANGUERA JAF X500GR	$0	$4.500	$0	N/A	0.000	0
 7702398040974	SALCHICHA MANGUERA RICA X 360 G	$0	$0	$0	0,00	0.000	0
 7702398041209	SALCHICHA RICA X8U	$0	$0	$0	0,00	0.000	0
 7701101261668	SALCHICHA SUPER RANCHERA X 120 GR	$0	$6.800	$0	N/A	0.000	0
 7702439081942	SALCHICHAS BARY 150G	$0	$5.600	$0	N/A	0.000	0
 7707346663052	SALCHICHON CERVECERO FAIZAN 500G	$0	$0	$0	0,00	0.000	0
 7707346662000	SALCHICHON CERVECERO FAIZAN 500G	$0	$9.500	$0	N/A	0.000	0
 7707346660815	SALCHICHON CERVECERP FAIZAN 1500GR	$0	$19.800	$0	N/A	0.000	- Sin Departamento -
 7701101362402	SALCHICHON CERVERONI ESTANDAR X40G	$0	$1.600	$0	N/A	0.000	0
 7701101357286	SALCHICHON TRADICIONAL ZENU X620G	$0	$9.500	$0	N/A	0.000	0
 7703812004862	SALERO REFISAL X 130 GR	$0	$2.000	$0	N/A	0.000	0
 7702439005504	SALSA  BBQ  BARY  X 400GR	$0	$8.700	$0	N/A	0.000	- Sin Departamento -
 7706667990861	SALSA AJO ABURRA 165 ML	$2.290	$3.600	$0	N/A	0.000	- Sin Departamento -
 7702097148537	SALSA BBQ LA CONSTANCIA X 190 GR	$0	$5.600	$0	N/A	0.000	0
 7702439003074	SALSA CHINA BARY X 155 ML	$0	$3.500	$0	N/A	0.000	0
 7706667990786	SALSA DE AJI ABURRA	$0	$2.900	$0	N/A	0.000	0
 7702097039767	SALSA DE CIRUELA CONSTANCIA X 20 GR	$0	$6.000	$0	N/A	0.000	- Sin Departamento -
 7707355510590	SALSA DE PIÑA	$0	$2.600	$0	N/A	0.000	0
 7702097039774	SALSA DE PIÑA LA CONSTANCIA X 200G	$5.083	$6.000	$0	N/A	0.000	0
 7702439339715	SALSA DE TOMATE BARY DOY PACK X170GR	$0	$2.800	$0	N/A	0.000	0
 7702439281830	SALSA DE TOMATE BARY X150G	$0	$2.900	$0	N/A	0.000	- Sin Departamento -
 7702047041208	SALSA DE TOMATE FRUCO	$0	$2.700	$0	N/A	0.000	- Sin Departamento -
 7702047041291	SALSA DE TOMATE FRUCO X 120G	$0	$3.000	$0	N/A	0.000	0
 7702047005330	SALSA DE TOMATE FRUCO X 400 G	$0	$11.900	$0	N/A	0.000	0
 7702047041253	SALSA DE TOMATE FRUCOX85G	$0	$2.400	$0	N/A	0.000	0
 7702439073985	SALSA DE TOMATE X 120G	$0	$0	$0	0,00	0.000	0
 7702024014799	SALSA GULASH MAGGI X45 G	$0	$0	$0	0,00	0.000	0
 7706667383441	SALSA HUMO ABURRA	$0	$2.900	$0	N/A	0.000	0
 7702439006228	SALSA HUMO BARY X 155CM	$0	$3.500	$0	N/A	0.000	0
 7702439003067	SALSA INGLESA BARY X 155 ML	$0	$3.500	$0	N/A	0.000	- Sin Departamento -
 7706667990816	SALSA NEGRA ABURRA	$0	$2.900	$0	N/A	0.000	0
 7702439000936	SALSA NEGRA BARY 155 ML	$0	$3.500	$0	N/A	0.000	0
 7702439002794	SALSA PARA CARNES BARY 175GRM	$0	$5.200	$0	N/A	0.000	0
 7702439644505	SALSA ROSADA BARY X 100 GR	$0	$2.000	$0	N/A	0.000	- Sin Departamento -
 7702097148629	SALSA ROSADA X80G	$0	$1.700	$0	N/A	0.000	0
 7706667990823	SALSA SOYA ABURRA	$0	$2.900	$0	N/A	0.000	0
 7702097137746	SALSA TARTARA LA CONSTANCIA  X 190 GR	$0	$6.400	$0	N/A	0.000	0
 7702047194676	SALSA TOMATE 	$0	$2.500	$0	N/A	0.000	- Sin Departamento -
 7702439417062	SALSA TOMATE BARY X 110 GR	$0	$2.000	$0	N/A	0.000	- Sin Departamento -
 7702439001032	SALSA TOMATE BARY X 400	$0	$8.400	$0	N/A	0.000	- Sin Departamento -
 7702025150748	SALTIN  X 1 TACO	$1.667	$2.000	$0	N/A	0.000	0
 7702025125173	SALTIN 4 TACOS	$5.854	$7.100	$0	N/A	0.000	0
 7702025139972	SALTIN INTEGRAL X136G	$0	$3.200	$0	N/A	0.000	0
 7702025189243	SALTIN INTEGRAL X3	$0	$9.300	$0	N/A	0.000	0
 7702025139965	SALTIN NOEL QUESO MANTEQUILLA TACO X 1	$0	$3.200	$0	N/A	0.000	0
 7702025148110	SALTIN QUESO MANTEQUILLATC X 3 X338 G	$7.579	$8.300	$0	N/A	0.000	0
 7702097135629	SALÑSA DE TOMATE LA CONSTANCIA X 150 GR	$0	$2.400	$0	N/A	0.000	- Sin Departamento -
 7706667900099	SARDINA ABURRA 125 G	$4.248	$5.200	$0	N/A	0.000	0
 7706667900051	SARDINA ABURRA X 400 G	$0	$0	$0	0,00	0.000	0
 7706667900075	SARDINA SALSA DE TOMATE ABURRA X 155 G	$0	$5.300	$0	N/A	0.000	- Sin Departamento -
 7702354946210	SAVILOE 50ML MAS CONTENIDO	$0	$3.000	$0	N/A	0.000	0
 7702006208208	SAVITAL	$0	$1.200	$0	N/A	0.000	- Sin Departamento -
 7702006406697	SAVITAL ACOND AMINOACIDOS X22ML	$0	$1.200	$0	N/A	0.000	0
 7702006202831	SAVITAL MULTIVITAMINAS	$0	$0	$0	0,00	0.000	0
 7702006406703	SAVITAL SHAMPO AMINOACIDOS X25GR	$0	$0	$0	0,00	0.000	0
 7702006207973	SAVITAL SHAMPO ANTI CASPA X27ML	$0	$0	$0	0,00	0.000	0
 7702191522516	SAVITAL SHAMPOO 30ML	$0	$1.200	$0	N/A	0.000	- Sin Departamento -
 7701101357392	SCHON. CERVERONI ZENU X 500 G	$0	$0	$0	0,00	0.000	0
 7701101250426	SCHON. TRADI. ZENU COLLARIN X 100G	$0	$2.600	$0	N/A	0.000	0
 7701101250396	SCHON.TRADI. ZENU X 225 G	$0	$5.200	$0	N/A	0.000	0
 7701101357279	SCHON.TRADI. ZENU X 850 G	$0	$9.500	$0	N/A	0.000	0
 7702914110501	SELECTA RAMO  NUECES  X230G	$0	$9.300	$0	N/A	0.000	0
 7706667032011	SEMILLAS DE GIRASOL  200 GR	$0	$2.200	$0	N/A	0.000	- Sin Departamento -
 7702026200855	SERVILLETA FAMILIA ACOLCHAMAX MEDIANA	$0	$3.600	$0	N/A	0.000	0
 7702026201920	SERVILLETA FAMILIA EXPERT X 100	$0	$5.100	$0	N/A	0.000	- Sin Departamento -
 7702026146498	SERVILLETA FAMILIA EXPERT X75UNI	$0	$5.100	$0	N/A	0.000	0
 7702026020927	SERVILLETA FLIA PARTIDA X150 1A1	$0	$2.600	$0	N/A	0.000	0
 7702026183806	SERVILLETAS FAMILIA X300	$0	$4.400	$0	N/A	0.000	0
 7702870071373	SEVEDOL EXTRA FUERTE	$0	$2.000	$0	N/A	0.000	0
 SEVEDOLEXTRAFUERTE	SEVEDOL EXTRA FUERTE	$0	$1.500	$0	N/A	0.000	- Sin Departamento -
 7501065922243	SH H&S 2EN1 SUAVE Y MANEJABLE X18ML	$0	$1.200	$0	N/A	0.000	0
 7500435108294	SH PANTENE RESTAURACION SIN SAL X 18ML	$0	$1.200	$0	N/A	0.000	0
 7702006203982	SH SAVITAL ACEITE ARGAN Y SABILA X 25ML	$0	$1.200	$0	N/A	0.000	0
 7702006207683	SH SEDAL CERAMIDAS X 24ML	$0	$0	$0	0,00	0.000	0
 7702006302432	SHAMPOO DOVE	$0	$1.200	$0	N/A	0.000	- Sin Departamento -
 7501007492568	SHAMPOO H&SLIMPIEZA RENOVADORA  X 18 ML	$0	$1.200	$0	N/A	0.000	0
 7702354956325	SHAMPOO NUTRI PRO HIALURONICO X18ML	$0	$1.200	$0	N/A	0.000	0
 7702354956295	SHAMPOO NUTRI REPA INTENS X18ML	$0	$0	$0	0,00	0.000	0
 7702354958138	SHAMPOO NUTRIBELA BIOKERATINA 18ML	$0	$1.200	$0	N/A	0.000	0
 7702354956240	SHAMPOO NUTRIBELA PROHIALURONICO	$0	$20.000	$0	N/A	0.000	- Sin Departamento -
 7702354956318	SHAMPU NUTRIBELA 15 CONTROL CAIDA	$0	$1.200	$0	N/A	0.000	- Sin Departamento -
 SIEMPRELIBRETAMPONUN	SIEMPR LIBRE TAMPON UNI	$0	$1.100	$0	N/A	0.000	- Sin Departamento -
 7702031800682	SIEMPRE LIBRE NORMAL	$0	$5.000	$0	N/A	0.000	- Sin Departamento -
 7891010025878	SIEMPRE LIBRE X8 UND	$0	$6.300	$0	N/A	0.000	0
 SILICONABARRA	SILICONA BARRA	$0	$700	$0	N/A	0.000	- Sin Departamento -
 SILICONABARRAGDE	SILICONA BARRA GRANDE	$0	$1.000	$0	N/A	0.000	- Sin Departamento -
 231201110001	SILVAÑA BOMBILLO 100W	$0	$2.000	$0	N/A	0.000	0
 5410316948999	SMIRNOFF	$0	$10.000	$0	N/A	0.000	- Sin Departamento -
 5410316945981	SMIRNOFF GREEN APPLE LATA X250 ML	$6.600	$8.000	$0	N/A	0.000	0
 5410316997980	SMIRNOFF ORIGINAL LATA  X250	$0	$8.000	$0	N/A	0.000	0
 5410316983693	SMIRNOT  ICE X 275 ML	$7.600	$10.000	$0	N/A	0.000	- Sin Departamento -
 7702222000792	SNACK QUESO CON BOCADILLO 49 GR	$0	$3.000	$0	N/A	0.000	- Sin Departamento -
 7702011088802	SNAKY CARAMELO X50 G-MILENIO	$2.336	$2.000	$0	N/A	0.000	0
 7707211632527	SOBRE CAFE JUAN VALDES	$0	$0	$0	0,00	0.000	0
 7500435191500	SOBRE SH COLAGENO PANT X 18 ML	$0	$1.200	$0	N/A	0.000	0
 7702535011829	SODA COCACOLA 1.5	$0	$6.000	$0	N/A	0.000	- Sin Departamento -
 7702354112318	SOPERA AJIACO X3PORCIONES	$0	$1.700	$0	N/A	0.000	- Sin Departamento -
 7702354930929	SOPERA CREMA 3P CHAMPIÑONES X42.5G	$0	$1.700	$0	N/A	0.000	0
 7702354930967	SOPERA CREMA 3P POLLO X42.5G	$0	$1.700	$0	N/A	0.000	0
 7702439001490	SOYA BARY 155ML	$0	$3.700	$0	N/A	0.000	0
 7702085002766	SPAGHETTI CHORIZO X 250	$0	$2.800	$0	N/A	0.000	- Sin Departamento -
 7707307961074	SPAGHETTI COMARRICO X 250 G	$0	$1.500	$0	N/A	0.000	0
 7702085019023	SPAGHETTI DORIA CLASICA X 1000G	$0	$0	$0	0,00	0.000	0
 7702085002360	SPAGHETTI RANCHERO 250 GR	$0	$2.800	$0	N/A	0.000	- Sin Departamento -
 7702020042741	SPAGHETTI SAN REMO 400GR	$0	$4.000	$0	N/A	0.000	- Sin Departamento -
 7702085002865	SPAGHETTY POLLO ASADO	$0	$2.800	$0	N/A	0.000	- Sin Departamento -
 7702085013021	SPAGUETTI DORIA 500GR	$0	$4.400	$0	N/A	0.000	0
 SPARKIES	SPARKIES	$0	$300	$0	N/A	0.000	- Sin Departamento -
 7702133879494	SPARKIES 5G	$0	$1.500	$0	N/A	0.000	0
 7702090050974	SPEED MAX 1L	$0	$4.000	$0	N/A	0.000	0
 7702090039436	SPEED MAX 250 ML	$0	$2.000	$0	N/A	0.000	0
 7702090044195	SPEED MAX 400ML	$0	$2.800	$0	N/A	0.000	0
 7702090044287	SPEED MAX BLUE 250 ML	$0	$0	$0	0,00	0.000	0
 7702090003598	SPEED MAX LATA 310	$0	$2.000	$0	N/A	0.000	- Sin Departamento -
 7702090071849	SPEED MAX LATA X 310 ML	$0	$2.000	$0	N/A	0.000	0
 7501033204920	SPEED STICK	$0	$4.600	$0	N/A	0.000	- Sin Departamento -
 7702010470479	SPEED STICK CLINICAL	$0	$4.600	$0	N/A	0.000	- Sin Departamento -
 7509546693149	SPEED STICK X70G	$0	$0	$0	0,00	0.000	0
 7501033206580	SPEED STICK XTREM NIGHT	$0	$1.400	$0	N/A	0.000	- Sin Departamento -
 7702011127860	SPLOT X 5	$0	$500	$0	N/A	0.000	0
 7702090002713	SQUAS	$0	$4.000	$0	N/A	0.000	- Sin Departamento -
 7700604039347	SSHUP LECHE CONDENSADA	$528	$1.500	$0	N/A	0.000	0
 77075888	STAR LITE AZUL X PAQUETE GRANDE X UNID( $ 800)	$0	$9.000	$0	N/A	0.000	0
 7702303006019	STAR LITE PEQUEÑO X CAJA	$0	$4.500	$0	N/A	0.000	0
 STARLITE	STARLITE UNIDAD	$0	$800	$0	N/A	0.000	- Sin Departamento -
 7702004010544	STELLA ARTOIS 300ML	$0	$6.000	$0	N/A	0.000	0
 7509546676142	SUAVITEL  FRESCA PRIMAVERAL X 180ML	$1.376	$1.800	$0	N/A	0.000	0
 7509546689050	SUAVITEL  FRESCURA DE MANZANA 180 ML	$0	$1.600	$0	N/A	0.000	- Sin Departamento -
 7509546676050	SUAVITEL FRESA CHOCO 180ML	$1.376	$1.800	$0	N/A	0.000	0
 7702010282751	SUAVITEL FRESA Y CHOCOLATE X430 ML	$0	$3.300	$0	N/A	0.000	0
 7509546689043	SUAVITEL MANZANA 430ML	$0	$3.100	$0	N/A	0.000	0
 7509546676012	SUAVITEL MORADO	$0	$1.800	$0	N/A	0.000	- Sin Departamento -
 7509546676159	SUAVITEL ORQUIDEA LAVANDA X 180ML	$0	$0	$0	0,00	0.000	0
 7702010282638	SUAVITEL VAINILLA 430ML	$0	$3.300	$0	N/A	0.000	0
 7509546676029	SUAVITEL VAINILLA X 180 ML	$0	$1.800	$0	N/A	0.000	0
 7702010282485	SUAVITEL X430ML	$0	$3.100	$0	N/A	0.000	0
 7702088214074	SUAVIZANTE LA JOYA X400ML	$0	$0	$0	0,00	0.000	0
 7705326079022	SUBMARINO AREQUIPE X1	$0	$1.500	$0	N/A	0.000	0
 7705326070593	SUBMARINO FRESA	$0	$1.500	$0	N/A	0.000	0
 7705326073778	SUBMARINO X 1 MORA	$0	$1.500	$0	N/A	0.000	0
 7705326079114	SUBMARINOS AREQUIPE MARINELA 2 UNID. 66 GR	$0	$3.200	$0	N/A	0.000	0
 7705326022240	SUBMARINOS COSMIC MARINELA 45 G	$0	$1.500	$0	N/A	0.000	0
 7705326053329	SUBMARINOS FRESA MARINELA 2 UNID. 70 GR	$0	$3.400	$0	N/A	0.000	0
 7702177023631	SUERO COSTEÑO ALQUERIA 200GR	$0	$4.500	$0	N/A	0.000	0
 650240070938	SUEROX FRUTOS ROJOS 	$0	$8.500	$0	N/A	0.000	- Sin Departamento -
 7702354955434	SUNTEA 	$0	$1.500	$0	N/A	0.000	- Sin Departamento -
 7702354957131	SUNTEA  FRESA FLOR DE JAMAICA 	$0	$1.500	$0	N/A	0.000	- Sin Departamento -
 7702354955397	SUNTEA  FRUTOS ROJOS 	$0	$1.500	$0	N/A	0.000	- Sin Departamento -
 7702354955373	SUNTEA DURAZNO 	$0	$1.500	$0	N/A	0.000	0
 7702354955366	SUNTEA LIMON	$0	$1.500	$0	N/A	0.000	- Sin Departamento -
 7702354955403	SUNTEA MANDARINA	$0	$1.500	$0	N/A	0.000	- Sin Departamento -
 7702354955380	SUNTEA MARACUYA	$0	$1.500	$0	N/A	0.000	- Sin Departamento -
 7702354955410	SUNTEA MORA	$0	$1.500	$0	N/A	0.000	- Sin Departamento -
 7703888297212	SUPER HIPER ACIDO 	$0	$300	$0	N/A	0.000	- Sin Departamento -
 7702993030073	SUPER LOKIÑO X 100UNID	$0	$12.000	$0	N/A	0.000	0
 7702993044087	SUPER TRULULU CHOCOLORES BCO X 30G	$0	$0	$0	0,00	0.000	0
 7702993044063	SUPER TRULULU CHOCOLORES RDO X 30G	$0	$0	$0	0,00	0.000	0
 SUPERFLEXMEDIANOJY	SUPERFLEX MEDIANO J Y Y	$0	$4.800	$0	N/A	0.000	- Sin Departamento -
 7706667500794	Sardinas Aburra X125g	$0	$5.200	$0	N/A	0.000	- Sin Departamento -
 7702006203968	Savital Acondicionador	$0	$1.200	$0	N/A	0.000	- Sin Departamento -
 7702006654326	Sedal Luminous	$0	$1.200	$0	N/A	0.000	- Sin Departamento -
 7702560042744	T.ROJO SOBRE.TRAD X25G	$0	$2.300	$0	N/A	0.000	0
 7500810028094	TAKIS	$0	$3.700	$0	N/A	0.000	0
 7500810027400	TAKIS FUEGO	$0	$3.700	$0	N/A	0.000	- Sin Departamento -
 7500810029701	TAKIS FUEGO 185G	$0	$10.200	$0	N/A	0.000	- Sin Departamento -
 TALCOMEXANA	TALCO MEXANA 85G	$0	$9.600	$0	N/A	0.000	- Sin Departamento -
 7702123013891	TALCO MEXSANA 150 GR	$0	$12.000	$0	N/A	0.000	- Sin Departamento -
 7702027435362	TAMP NOS DIG REG X3	$0	$3.500	$0	N/A	0.000	0
 95188992506	TAMPICO 250 ML	$0	$1.500	$0	N/A	0.000	0
 95188110344	TAMPICO CAJA 1LITRO	$0	$4.500	$0	N/A	0.000	0
 95188002014	TAMPICO CAJA X 200ML	$0	$0	$0	0,00	0.000	0
 95188010682	TAMPICO CITRUS GFA X 2L	$0	$0	$0	0,00	0.000	0
 95188013300	TAMPICO CITRUS PET 330ML X 30 UNID	$0	$2.000	$0	N/A	0.000	0
 7702027437076	TAMPONES NOSOTRAS X1 UNIDAD	$0	$1.500	$0	N/A	0.000	- Sin Departamento -
 7702026154837	TAMPONES NOSOTRAS X3	$0	$0	$0	0,00	0.000	0
 7891010254773	TAMPONES OB MEDIO	$0	$10.500	$0	N/A	0.000	- Sin Departamento -
 7702560041501	TARRITO ROJO SOBRE 200G	$0	$0	$0	0,00	0.000	0
 7702090073218	TE  BLANCO HATSU	$0	$0	$0	0,00	0.000	0
 7707362390093	TEA  HATSU NEGRO X 400 ML	$0	$5.000	$0	N/A	0.000	- Sin Departamento -
 7702090002539	TEA HATSU BLANCO	$0	$5.000	$0	N/A	0.000	- Sin Departamento -
 7702027477454	TENA DISCREET PROTECTOR X15 UNID	$0	$6.500	$0	N/A	0.000	0
 7702026174897	TENA PANTS  L	$0	$3.200	$0	N/A	0.000	- Sin Departamento -
 731199056256	TENEDOR IBERICO X 20 UNID.	$0	$2.000	$0	N/A	0.000	0
 645667176455	TENEDOR TAMY GRANDE 20 UNID	$0	$2.000	$0	N/A	0.000	0
 9243178616371	TENNIS BALLS X 20 G	$0	$1.500	$0	N/A	0.000	0
 7702354958213	TEQUILA CUATES MARGARITA Y FRESA	$0	$5.000	$0	N/A	0.000	0
 7702354958190	TEQUILA CUATES MARGARITA Y LIMON	$0	$5.000	$0	N/A	0.000	0
 7702354958206	TEQUILA CUATES MARGARITA Y MANGO	$0	$5.000	$0	N/A	0.000	0
 7702005602045	TEREA AZUL	$0	$13.000	$0	N/A	0.000	- Sin Departamento -
 5RLECNIÑIPQQ7QYL4000	TEREA CAFE	$0	$13.000	$0	N/A	0.000	0
 7702005602076	TEREA IQOS ILUMA	$0	$13.000	$0	N/A	0.000	- Sin Departamento -
 7702005602069	TEREA TURQUESA	$0	$13.000	$0	N/A	0.000	- Sin Departamento -
 77991386	TIC TAC FRESAS CREMA	$0	$2.700	$0	N/A	0.000	- Sin Departamento -
 78600027	TIC TAC NARANJA	$0	$2.700	$0	N/A	0.000	- Sin Departamento -
 78934696	TICTAC FRUIT ADVENTURE X16G	$0	$2.700	$0	N/A	0.000	0
 TINTO	TINTO	$0	$1.500	$0	N/A	0.000	- Sin Departamento -
 7702011020956	TIPITIN  CORAZON	$0	$7.600	$0	N/A	0.000	- Sin Departamento -
 7.70202741633077E19	TOALLA RAPISEC  NOSOTRAS X10	$0	$0	$0	0,00	0.000	0
 7702026188528	TOALLA  FAMILIA X50 HJ	$0	$2.600	$0	N/A	0.000	0
 7702026179908	TOALLA  INVISIBLE CLASICA NOSOTRAS X10	$0	$5.900	$0	N/A	0.000	0
 7702108850794	TOALLAS ELLAS NOCTURNA X8	$0	$0	$0	0,00	0.000	0
 7702026152253	TOALLAS NOSOTRAS ALAS X8	$2.054	$2.400	$0	N/A	0.000	0
 7702027041662	TOALLAS NOSOTRAS INVISIBLES CLASICA TELA	$0	$3.900	$0	N/A	0.000	0
 7702026158217	TOALLAS NOSOTRAS NOCHES RAPISEC X4	$0	$3.600	$0	N/A	0.000	0
 7702027040023	TOALLAS NOSOTRAS NORMAL TELA	$0	$4.700	$0	N/A	0.000	0
 7702027041761	TOALLAS NOSOTRAS PLUS CANAL GEL TELA	$0	$3.900	$0	N/A	0.000	0
 7702027494710	TOALLAS NOSOTRAS UNIDAD	$0	$700	$0	N/A	0.000	0
 7702031414889	TOALLAS STAY FREE X12	$0	$5.300	$0	N/A	0.000	0
 7701021143655	TOALLITAS WINNY ALOE X 24	$0	$3.800	$0	N/A	0.000	0
 7707195160177	TOCINETA  AHUMADA X500 GR	$10.100	$12.200	$0	N/A	0.000	- Sin Departamento -
 703980851630	TOCINO AHUMADO FILEMONT	$0	$11.900	$0	N/A	0.000	- Sin Departamento -
 7707195160085	TOCINO AHUMADO JAF X 500 GR	$0	$16.200	$0	N/A	0.000	0
 7702026174323	TOHALLA NOCTURNAX4 BUENA NOCHE	$3.012	$3.800	$0	N/A	0.000	0
 7702085012499	TORNILLOS CON VERDURA X 250	$0	$2.700	$0	N/A	0.000	- Sin Departamento -
 7702085012482	TORNILLOS DORIA X 250 GR	$0	$2.300	$0	N/A	0.000	0
 7709118992100	TORTA DE CARNE CASERA	$0	$0	$0	0,00	0.000	0
 7707290713636	TORTA ENVINADA CASERITAS X 330 GR	$0	$16.000	$0	N/A	0.000	0
 7707290711922	TORTA TRADICIONAL ENVINADA LAS CASER. 50G	$0	$4.000	$0	N/A	0.000	0
 7705326077837	TORTILLA BIMBO M	$0	$7.400	$0	N/A	0.000	0
 7705326077844	TORTILLAS FAJITAS L	$0	$10.900	$0	N/A	0.000	0
 7702914602211	TOSCACOS UY - RAMO 190 GR	$0	$7.500	$0	N/A	0.000	0
 7702402054898	TOSH  HELADO CON FRESA	$0	$4.000	$0	N/A	0.000	- Sin Departamento -
 7702007084030	TOSH BARRA	$0	$0	$0	0,00	0.000	0
 7702007063714	TOSH BARRA NUECES Y ARANDANOS	$0	$2.000	$0	N/A	0.000	- Sin Departamento -
 7702007063653	TOSH BARRA ORIGINAL	$0	$2.000	$0	N/A	0.000	- Sin Departamento -
 7702007063639	TOSH FRESA BARRA	$0	$2.000	$0	N/A	0.000	- Sin Departamento -
 7702025148455	TOSH MIEL	$0	$1.200	$0	N/A	0.000	0
 7702402054881	TOSH PASION	$0	$4.000	$0	N/A	0.000	0
 7702402054904	TOSH PIÑA	$0	$3.500	$0	N/A	0.000	0
 7702025148561	TOSH UNIDAD X 25.5 GR	$0	$1.200	$0	N/A	0.000	- Sin Departamento -
 7702914602136	TOSTACO PICANTE PIC MIX	$0	$0	$0	0,00	0.000	0
 7702914602204	TOSTACOS	$0	$2.000	$0	N/A	0.000	- Sin Departamento -
 7702914604604	TOSTACOS  MAIZITOS  BBQ AHUMADO 155 GR	$0	$8.000	$0	N/A	0.000	- Sin Departamento -
 7702914604611	TOSTACOS MAIZITOS BBQ AHUMADO 45 GR	$0	$4.000	$0	N/A	0.000	- Sin Departamento -
 7702914159500	TOSTACOS QUESO  200 GR	$0	$8.000	$0	N/A	0.000	- Sin Departamento -
 7702914594547	TOSTACOS QUESO  38 GR	$0	$2.200	$0	N/A	0.000	- Sin Departamento -
 7702914159401	TOSTACOS RAMO PICANTE X200G	$0	$7.500	$0	N/A	0.000	0
 7702914606240	TOSTACOS WOW GUACAMOLE	$0	$2.000	$0	N/A	0.000	- Sin Departamento -
 7705326016249	TOSTADA BIMBO MANTEQUILLA X10	$3.750	$4.400	$0	N/A	0.000	0
 7705326020642	TOSTADA INTEGRAL BIMBO X150 G	$0	$3.800	$0	N/A	0.000	0
 7707301110294	TOSTADA TRADICIONAL PAISAN PAN  150 GR	$2.150	$2.600	$0	N/A	0.000	- Sin Departamento -
 7705326079404	TOSTADAS INTEGR. MAMA INES 10 UNID. 115 G	$0	$3.800	$0	N/A	0.000	0
 7702788002414	TOSTADAS JUANCHO PAN X 140 G	$2.447	$3.000	$0	N/A	0.000	0
 7705326079398	TOSTADAS MAMA INES 10 UNID 115 G	$0	$3.600	$0	N/A	0.000	0
 7705326079350	TOSTADAS MAMA INES 3 TACOS 24 UNID. 280 G	$0	$0	$0	0,00	0.000	0
 7705326022561	TOSTADAS MAMA INES PAGUE 10 LLEVE 12 138G	$2.833	$3.400	$0	N/A	0.000	0
 7702914594530	TOSTADOS PICANTE-RAMO 38GR-MILENIO	$0	$2.000	$0	N/A	0.000	0
 7702439464998	TOSTAO GRANULADO ROJO	$0	$7.000	$0	N/A	0.000	- Sin Departamento -
 7702439770495	TOSTAO POLVO	$0	$7.000	$0	N/A	0.000	- Sin Departamento -
 7703133014649	TOSTI AREPA 	$0	$1.500	$0	N/A	0.000	- Sin Departamento -
 7703133014663	TOSTI AREPA 	$0	$6.000	$0	N/A	0.000	- Sin Departamento -
 7703133072274	TOSTI AREPA QUESO Y MANT. 28 GR	$0	$1.500	$0	N/A	0.000	0
 7703133072267	TOSTI AREPA X 150G	$0	$5.800	$0	N/A	0.000	0
 7703133014816	TOSTI EMPANADA	$0	$1.500	$0	N/A	0.000	- Sin Departamento -
 7703133072397	TOSTI EMPANADA 28GR	$0	$1.500	$0	N/A	0.000	0
 7703133013369	TOSTI EMPANADA LIMON - YUPI X 35 GR-MILENIO	$0	$0	$0	0,00	0.000	0
 7703133013383	TOSTI EMPANADAS	$0	$0	$0	0,00	0.000	0
 7703133072335	TOSTI EMPANADAS LIMON 28 GR	$0	$1.500	$0	N/A	0.000	- Sin Departamento -
 7703133015608	TOSTI MAIZ 28GR	$0	$1.500	$0	N/A	0.000	- Sin Departamento -
 7703133073844	TOZINETAS YUPI X 25 G	$0	$2.000	$0	N/A	0.000	0
 TRAPERACOHECHI	TRAPERA COHECHIZADA 	$0	$5.400	$0	N/A	0.000	- Sin Departamento -
 TRAPERACOHECHIBLANCA	TRAPERA COHECHIZADA BLANCA	$0	$8.400	$0	N/A	0.000	- Sin Departamento -
 TRAPERACOHECOLORES	TRAPERA COHECHIZADA COLORES	$0	$8.200	$0	N/A	0.000	- Sin Departamento -
 7702354945404	TRATAMIENTO BIOKERATINA	$0	$1.600	$0	N/A	0.000	- Sin Departamento -
 7702354944148	TRATAMIENTO NUTRIBELA	$0	$1.600	$0	N/A	0.000	- Sin Departamento -
 7506105606091	TRIDEN X 18 COOL BUBBLE	$0	$3.800	$0	N/A	0.000	- Sin Departamento -
 7622201776572	TRIDENT	$0	$2.000	$0	N/A	0.000	- Sin Departamento -
 7622201776633	TRIDENT	$0	$2.000	$0	N/A	0.000	- Sin Departamento -
 7506105606077	TRIDENT 	$0	$4.500	$0	N/A	0.000	- Sin Departamento -
 7702133863264	TRIDENT  X 3 MORA AZUL	$0	$1.200	$0	N/A	0.000	- Sin Departamento -
 7622210181282	TRIDENT 4 UNIDADES FRESA	$0	$700	$0	N/A	0.000	- Sin Departamento -
 75045654	TRIDENT FRESA X4	$0	$700	$0	N/A	0.000	- Sin Departamento -
 75045623	TRIDENT MENTA 	$0	$700	$0	N/A	0.000	- Sin Departamento -
 7622201776695	TRIDENT MORADO	$0	$2.000	$0	N/A	0.000	- Sin Departamento -
 7622202015557	TRIDENT ROSADO	$0	$2.000	$0	N/A	0.000	- Sin Departamento -
 TRIDENT	TRIDENT UNIDAD	$0	$400	$0	N/A	0.000	- Sin Departamento -
 7622210407757	TRIDENT VP FRESHERBAL 30.6G	$0	$4.500	$0	N/A	0.000	0
 7506105606053	TRIDENT VP MENTA 30.6G	$0	$4.500	$0	N/A	0.000	0
 7506105606060	TRIDENT VP YERBABUENA X 18UNID	$0	$4.500	$0	N/A	0.000	0
 7702133862861	TRIDENT X 3 MENTA	$0	$1.200	$0	N/A	0.000	- Sin Departamento -
 7702133862854	TRIDENT X 3 SANDIA	$0	$1.200	$0	N/A	0.000	- Sin Departamento -
 7622210171115	TRIDENT X 4 UNIDADES MENTA	$0	$700	$0	N/A	0.000	- Sin Departamento -
 7703121573707	TRIGUISAR 16 GR	$0	$1.000	$0	N/A	0.000	- Sin Departamento -
 7702133867101	TRIODENT X 3 FRES HERBAL	$0	$1.200	$0	N/A	0.000	- Sin Departamento -
 7707277701144	TROCILLITOS POLLO 16 G	$0	$600	$0	N/A	0.000	0
 7707277702394	TROCILLITOS SABOR LIMON 18 G	$0	$600	$0	N/A	0.000	0
 7702174086288	TROLLI ANAYCONDA	$0	$1.800	$0	N/A	0.000	- Sin Departamento -
 7702174086264	TROLLI DELIFINES	$0	$1.800	$0	N/A	0.000	- Sin Departamento -
 7702174088015	TROLLI GUSAROS X70G	$0	$2.700	$0	N/A	0.000	- Sin Departamento -
 7702174083140	TROLLI PULPO MORGAN	$0	$1.800	$0	N/A	0.000	- Sin Departamento -
 7702174085663	TROLLI RINRIN 	$0	$2.700	$0	N/A	0.000	- Sin Departamento -
 7702174086257	TROLLI TINTOSAS	$0	$1.800	$0	N/A	0.000	- Sin Departamento -
 7705326019240	TRONQUITOS MAMAINES 10 UNID 130 G	$0	$4.500	$0	N/A	0.000	0
 7702084900148	TROZOS  DE ATUN EN ACEITE  PAN X 150 GR	$0	$6.500	$0	N/A	0.000	- Sin Departamento -
 7702084900131	TROZOS DE AGUA 98 G	$0	$6.500	$0	N/A	0.000	0
 7702993054123	TRULULU	$0	$2.700	$0	N/A	0.000	- Sin Departamento -
 7702993056592	TRULULU 	$0	$2.700	$0	N/A	0.000	- Sin Departamento -
 7702993054451	TRULULU FEROZ ACIDOS 100G 	$0	$2.700	$0	N/A	0.000	- Sin Departamento -
 7702993054093	TRULULU ORO 100G 	$0	$2.700	$0	N/A	0.000	- Sin Departamento -
 7702993051993	TRULULU RIGO GO X 100G	$0	$0	$0	0,00	0.000	0
 7702057080044	TUBO YODORA X 12 G	$0	$4.000	$0	N/A	0.000	0
 7908228802822	TUBOS ACIDO FRESA NATA 40 GR	$0	$1.600	$0	N/A	0.000	- Sin Departamento -
 7908228802785	TUBOS ACIDOS TUTIFRUTI	$0	$1.600	$0	N/A	0.000	- Sin Departamento -
 7702788102800	TUNES BOCADILLO DE GUAY. CON MANJAR X 6 PORC. 210 G	$0	$7.500	$0	N/A	0.000	0
 9243178616449	Tennis Balls Chicle	$0	$1.200	$0	N/A	0.000	- Sin Departamento -
 7702005602694	Terea FRIZERA	$0	$13.000	$0	N/A	0.000	- Sin Departamento -
 7702914594943	Torta Ramo Selecta 230g	$0	$8.300	$0	N/A	0.000	0
 TOSTAO	Tostao Unidad	$0	$400	$0	N/A	0.000	- Sin Departamento -
 7703133007283	Tozinetas	$0	$5.200	$0	N/A	0.000	- Sin Departamento -
 7622201776510	Trident	$0	$2.000	$0	N/A	0.000	- Sin Departamento -
 7622201760397	Trident Mora Azul	$0	$4.500	$0	N/A	0.000	- Sin Departamento -
 7506105606084	Trident Sandia	$0	$4.500	$0	N/A	0.000	- Sin Departamento -
 7707901953444	Trocitos De Pollo	$0	$600	$0	N/A	0.000	- Sin Departamento -
 7702993053140	Trululu	$0	$2.700	$0	N/A	0.000	- Sin Departamento -
 7702084057422	UNI KAT X4KG	$15.200	$18.300	$0	N/A	0.000	0
 7702084057415	UNIKAT ARENA GATOS X 900G	$4.166	$4.900	$0	N/A	0.000	0
 USB2.0AWM	USB 2.0 AWM	$0	$11.000	$0	N/A	0.000	- Sin Departamento -
 7702090064216	UVA POSTOBON 	$0	$6.000	$0	N/A	0.000	- Sin Departamento -
 7702535022061	VALLE FRESH X 1.5 L	$0	$5.000	$0	N/A	0.000	0
 7702626216997	VANISH   EN GBEL 800 ML	$0	$7.500	$0	N/A	0.000	0
 7702626216935	VANISH 130 ROSADO	$0	$3.500	$0	N/A	0.000	0
 7702626216942	VANISH BLANCO X 130	$0	$3.500	$0	N/A	0.000	0
 7702626216751	VANISH R.C X 300	$0	$0	$0	0,00	0.000	0
 7702626204208	VANISH ROPA COLOR  X 30 GR	$0	$2.500	$0	N/A	0.000	- Sin Departamento -
 7702626204642	VANISH X 30 GR ROPA BLANCA	$0	$2.500	$0	N/A	0.000	0
 7702005602632	VAPER UVA 1800 PUFF	$0	$40.000	$0	N/A	0.000	- Sin Departamento -
 6936760838253	VAPERS PRIV BAR CHERRY PARADISE	$0	$20.000	$0	N/A	0.000	- Sin Departamento -
 6936760838260	VAPERS PRIV BAR DR CHERRY	$0	$20.000	$0	N/A	0.000	- Sin Departamento -
 6936760838338	VAPERS PRIV BAR HONOLULU BLUE	$0	$20.000	$0	N/A	0.000	- Sin Departamento -
 7703266878880	VASELINA	$0	$4.200	$0	N/A	0.000	- Sin Departamento -
 7700000156303	VASELINA  X 60 GR	$0	$2.200	$0	N/A	0.000	- Sin Departamento -
 7702144456882	VASELINA X 60G	$0	$2.200	$0	N/A	0.000	- Sin Departamento -
 7704918251426	VASO T WAUL 14 OZ	$0	$4.400	$0	N/A	0.000	- Sin Departamento -
 VASOS7ONZAS	VASOS 7 ONZAS 	$0	$2.700	$0	N/A	0.000	- Sin Departamento -
 VASOS	VASOS UNIDAD 	$0	$100	$0	N/A	0.000	- Sin Departamento -
 7709174732863	VBC COVASOS CARIBE VASOS 12 OZ	$0	$4.200	$0	N/A	0.000	0
 7709174732818	VBC COVASOS CARIBE VASOS 5.5 OZ	$0	$2.700	$0	N/A	0.000	0
 7709174732825	VBC COVASOS CARIBE VASOS 7 OZ	$0	$2.700	$0	N/A	0.000	0
 7709174732894	VBC COVASOS CARIBE VASOS 9 OZ	$0	$3.800	$0	N/A	0.000	0
 7702005602762	VEEV BLUE CLASSIC MINT	$0	$0	$0	0,00	0.000	0
 7702005602755	VEEV BLUE RASPBERRY	$0	$28.500	$0	N/A	0.000	0
 7702005602748	VEEV MANGO	$0	$28.500	$0	N/A	0.000	0
 7702005602724	VEEV NOW FRESA	$0	$28.500	$0	N/A	0.000	- Sin Departamento -
 7702005602731	VEEV NOW SANDIA	$0	$28.500	$0	N/A	0.000	- Sin Departamento -
 7702191163795	VEL ROSITA 180 GR	$0	$3.500	$0	N/A	0.000	0
 VELABLANCAPTE	VELA BLANCA PAQUETE	$0	$5.500	$0	N/A	0.000	- Sin Departamento -
 VELABLANCAUNIDAD	VELA BLANCA UNIDAD 	$0	$500	$0	N/A	0.000	- Sin Departamento -
 506	VELA MEDIANA BLANCA	$0	$0	$0	0,00	0.000	0
 VELAROJAPATE	VELA ROJA PAQUETE 	$0	$5.500	$0	N/A	0.000	- Sin Departamento -
 VELAROJAUNIDAD	VELA ROJA UNIDAD	$0	$1.500	$0	N/A	0.000	- Sin Departamento -
 7707159820215	VELA SAN JORGE X 10	$0	$3.000	$0	N/A	0.000	- Sin Departamento -
 VELAVOLCANICA	VELA VOLCANICA	$0	$2.000	$0	N/A	0.000	- Sin Departamento -
 VELADORAROJAPEQUEÑA	VELADORA  AZUL PEQUEÑA	$0	$2.200	$0	N/A	0.000	- Sin Departamento -
 VELADORAAZULPEQUEÑA	VELADORA AZUL PEQUEÑA	$0	$2.200	$0	N/A	0.000	- Sin Departamento -
 VELADORABLANCAPEQUEÑ	VELADORA BLAMCA PEQUEÑA	$0	$2.200	$0	N/A	0.000	- Sin Departamento -
 VELADORAGRANDEAMARIL	VELADORA GRANDE AMARILLA	$0	$5.300	$0	N/A	0.000	- Sin Departamento -
 VELADORAGRANDEAZUL	VELADORA GRANDE AZUL 	$0	$5.300	$0	N/A	0.000	- Sin Departamento -
 VELADORAGRANDEBLANCA	VELADORA GRANDE BLANCA	$0	$5.300	$0	N/A	0.000	- Sin Departamento -
 VELADORAGRANDEROJA	VELADORA GRANDE ROJA	$0	$5.300	$0	N/A	0.000	- Sin Departamento -
 VELADORAMEDIANAVERDE	VELADORA MEDIANA  VERDE	$0	$3.300	$0	N/A	0.000	- Sin Departamento -
 VELADORAMEDIANAAMARI	VELADORA MEDIANA AMARILLA	$0	$3.300	$0	N/A	0.000	- Sin Departamento -
 VELADORAMEDIANAAZUL	VELADORA MEDIANA AZUL	$0	$3.300	$0	N/A	0.000	- Sin Departamento -
 VELADORAMEDIANABLANC	VELADORA MEDIANA BLANCA	$0	$3.300	$0	N/A	0.000	- Sin Departamento -
 VELADORAMEDIANAMORAD	VELADORA MEDIANA MORADA	$0	$3.300	$0	N/A	0.000	- Sin Departamento -
 VELADORAMEDIANANARAN	VELADORA MEDIANA NARANJA	$0	$3.300	$0	N/A	0.000	- Sin Departamento -
 VELADORAMEDIANAROJA	VELADORA MEDIANA ROJA 	$0	$3.300	$0	N/A	0.000	- Sin Departamento -
 VELADORAPEQUEÑAAMA	VELADORA PEQUEÑA  AMARILLA 	$0	$2.200	$0	N/A	0.000	- Sin Departamento -
 91803034	VENUS SUAVE ALOE VERA	$0	$0	$0	0,00	0.000	0
 BEGINÑVCARD	VERSIONÑ3.0	$8.108.755.968	$0	$1	8,00	8	EMAILÑjopater?20hotmail.com
 75080082	VICK DROPS MIEL	$0	$800	$0	N/A	0.000	- Sin Departamento -
 VICKFORT9	VICK FORT 9	$0	$2.800	$0	N/A	0.000	- Sin Departamento -
 75916565	VICK VAPORUB	$0	$5.600	$0	N/A	0.000	0
 7707288690307	VINAGRE 500ML BLANCO SABOR EN LA MESA	$0	$1.700	$0	N/A	0.000	0
 7707355510538	VINAGRE FRUTAS  X 500G	$0	$1.700	$0	N/A	0.000	0
 7704200540375	VINAGRE SABOR A FRUTAS 	$0	$2.100	$0	N/A	0.000	- Sin Departamento -
 7707288690208	VINAGRE  BLANCO  X 3000C	$3.090	$4.500	$0	N/A	0.000	0
 7702439008352	VINAGRETA BARY X200G	$0	$4.700	$0	N/A	0.000	0
 7702177024256	VITAD HIDRATANTE	$0	$3.500	$0	N/A	0.000	0
 7702354939984	VIVE 100 FUSION 	$0	$3.000	$0	N/A	0.000	- Sin Departamento -
 7702354934361	VIVE 100 ORIG  X380ML	$0	$3.000	$0	N/A	0.000	0
 7702354929503	VIVE 1000	$0	$2.000	$0	N/A	0.000	- Sin Departamento -
 7702354954642	VIVE100 ULTRA 380 ML	$0	$3.000	$0	N/A	0.000	0
 7702303693523	VUSE BLUBERRY ICE	$0	$0	$0	0,00	0.000	0
 7707200946604	VUSE GO 100 VAPER	$0	$0	$0	0,00	0.000	0
 7707200947601	VUSE GO 100 VAPER	$0	$0	$0	0,00	0.000	0
 7702303072830	VUSE GRAPE ICE	$0	$0	$0	0,00	0.000	0
 7702303658362	VUSE MANGO ICE	$0	$0	$0	0,00	0.000	0
 7702303615327	VUSE MENTHOL ICE	$0	$29.000	$0	N/A	0.000	0
 7702303439909	VUSE WATERMELON ICE	$0	$0	$0	0,00	0.000	0
 7702005602342	Vapiador 1800 Puff Coco Melon	$0	$40.000	$0	N/A	0.000	- Sin Departamento -
 VASOS12	Vasos 12 Onzas	$0	$4.200	$0	N/A	0.000	- Sin Departamento -
 7702005602335	Veev Fresa 1800 Puff	$0	$40.000	$0	N/A	0.000	- Sin Departamento -
 7702005602779	Veev UVA 1100 PUFF	$0	$28.500	$0	N/A	0.000	- Sin Departamento -
 7702354960315	Vive 100 Sandia	$0	$3.000	$0	N/A	0.000	- Sin Departamento -
 7702025151004	WAFER NOEL COCO X22G	$0	$1.000	$0	N/A	0.000	0
 7702025187911	WAFER NOEL FRESA 	$0	$1.000	$0	N/A	0.000	- Sin Departamento -
 7702011200877	WAFER NUCITA  20 GR	$536	$1.200	$0	N/A	0.000	- Sin Departamento -
 6922235800573	WATERMELON - SANDIAS- GUMMY BALL	$0	$0	$0	0,00	0.000	0
 7896029046623	WHISKAS 	$0	$3.400	$0	N/A	0.000	- Sin Departamento -
 7896029046555	WHISKAS 	$0	$3.400	$0	N/A	0.000	- Sin Departamento -
 7701021115188	WINMY ETAPA 2	$0	$1.200	$0	N/A	0.000	- Sin Departamento -
 7701021115683	WINNY ETAPA 3 	$0	$1.400	$0	N/A	0.000	0
 706460000665	WISKAS ATUN  X85G	$0	$3.400	$0	N/A	0.000	0
 7702011271730	Wafer Bridge	$0	$1.200	$0	N/A	0.000	- Sin Departamento -
 WINNY	Winny Etapa 4	$0	$1.600	$0	N/A	0.000	- Sin Departamento -
 WINNY5	Winny Etapa 5	$0	$1.700	$0	N/A	0.000	- Sin Departamento -
 WINNY6	Winny Etapa 6	$0	$2.100	$0	N/A	0.000	- Sin Departamento -
 650240074660	X RAY DOL	$0	$1.800	$0	N/A	0.000	0
 7501043710152	XICOTE TEQUILA 	$0	$300.000	$0	N/A	0.000	- Sin Departamento -
 XRAIDOL	XRAIDOL	$0	$1.800	$0	N/A	0.000	- Sin Departamento -
 7702129047166	YAGUR COLANTA FRESA X150G	$0	$1.300	$0	N/A	0.000	0
 7702129047173	YAGUR COLANTA MORA X150G	$0	$1.300	$0	N/A	0.000	0
 7702001155118	YGT FINESSE FRESA ALPINA 150GR	$0	$3.000	$0	N/A	0.000	0
 7702001155125	YGT FINESSE MELOCOTON ALPINA 150GR	$0	$2.300	$0	N/A	0.000	0
 7702001163946	YGT GRIEGO MORA Y ARANDANOS X 150	$0	$5.500	$0	N/A	0.000	0
 7702001163878	YOG GRIEGO NATURAL 150G	$0	$5.500	$0	N/A	0.000	0
 7702001047581	YOGO BOLSA FRESA ALPINA X150G	$0	$1.300	$0	N/A	0.000	0
 7702001156245	YOGO MAXILITRO MELOCOTON X 1100 ML	$4.453	$6.400	$0	N/A	0.000	0
 7702001156238	YOGO MAXILITRO MORA ALPINA X 1100 ML	$4.453	$6.400	$0	N/A	0.000	0
 7702001156221	YOGO YOGO FRESA X1100G	$4.453	$6.400	$0	N/A	0.000	- Sin Departamento -
 7702001047574	YOGO YOGO MELECOTON X 150 GR 	$0	$1.300	$0	N/A	0.000	- Sin Departamento -
 7702001047567	YOGO YOGO MORA  BOLSA X 150G	$0	$1.300	$0	N/A	0.000	0
 7702001047161	YOGO YOGO PREMIO	$0	$3.900	$0	N/A	0.000	0
 7702001047154	YOGO YOGO PREMIO	$0	$3.900	$0	N/A	0.000	0
 7707331407739	YOGUR ALKERIA MELOCOTON	$0	$2.400	$0	N/A	0.000	- Sin Departamento -
 7702129045315	YOGUR COLANTA AREQ Y PASAS 200G	$0	$0	$0	0,00	0.000	0
 7702001163939	YOGUR GRIEGO ALPINA  FRESA  X150 G	$0	$5.500	$0	N/A	0.000	0
 7702001049103	YOGURT ALP REGE MELOCOTON 150G	$0	$2.400	$0	N/A	0.000	0
 7702001049707	YOGURT ALP REGE PITAYA Y CEREALES 150G	$0	$0	$0	0,00	0.000	0
 7702001042012	YOGURT ALPINA FRESA X150G	$0	$2.300	$0	N/A	0.000	- Sin Departamento -
 7707529520141	YOGURT ALQUERIA BOLSA MELOCOTON	$0	$1.300	$0	N/A	0.000	- Sin Departamento -
 7707331406459	YOGURT ALQUERIA FRESA	$0	$1.300	$0	N/A	0.000	- Sin Departamento -
 7702129045469	YOGURT AREQUIPE X150 GR	$0	$2.100	$0	N/A	0.000	- Sin Departamento -
 7702129045476	YOGURT FRESA COLANTA X150GR	$0	$2.100	$0	N/A	0.000	- Sin Departamento -
 7702129045483	YOGURT GUANABANA COLANTA X150GR	$0	$2.100	$0	N/A	0.000	- Sin Departamento -
 7702001042029	YOGURT MELO ALPINA X 150GR	$0	$2.300	$0	N/A	0.000	0
 7702129045490	YOGURT MELOCOTON COLANTA 150 GR	$0	$2.100	$0	N/A	0.000	- Sin Departamento -
 7702001042050	YOGURT MORA ALPINA X 150GR	$0	$2.300	$0	N/A	0.000	0
 7702129045506	YOGURT MORA COLANTA X 150GR	$0	$2.100	$0	N/A	0.000	- Sin Departamento -
 7702001041923	YOX FRESA  X 100 GR UND	$0	$2.500	$0	N/A	0.000	0
 7702001042005	YOX MELOCOTON X 100 GR UND	$0	$2.500	$0	N/A	0.000	0
 7702001041961	YOX MULTIFRUTA X 100 GR UND	$0	$2.500	$0	N/A	0.000	0
 7703133010535	YUPI 12 GR	$0	$0	$0	0,00	0.000	0
 7703133008174	YUPI PALOMITAS CARAMELO	$0	$5.000	$0	N/A	0.000	0
 7703133008839	YUPI PALOMITAS MIX CARAMELO 	$0	$2.700	$0	N/A	0.000	0
 7703133014595	YUPIS HORNEADOS 12 GR	$0	$600	$0	N/A	0.000	- Sin Departamento -
 7703133015073	YUPIS HORNEADOS X12 GR	$0	$600	$0	N/A	0.000	- Sin Departamento -
 7702001047178	Yogo Premio Mora 	$0	$3.900	$0	N/A	0.000	- Sin Departamento -
 7702129047586	Yogur Melocoton	$0	$1.300	$0	N/A	0.000	- Sin Departamento -
 7707331407722	Yogurt Alqueria Fresa X 150 Gr Tarro	$0	$2.300	$0	N/A	0.000	- Sin Departamento -
 7702103126030	ZUCARITAS	$0	$1.600	$0	N/A	0.000	- Sin Departamento -
 7702103295231	ZUCARITAS KELLOGGS 39 GR	$0	$1.600	$0	N/A	0.000	- Sin Departamento -
 7702103921833	ZUCARITAS KELLOGGS X115 G	$0	$5.800	$0	N/A	0.000	0
 7895421212520	´PEGANTE WHITR GLUE 20 ML	$0	$800	$0	N/A	0.000	- Sin Departamento -
